Cluster_ID,Unnamed: 0,Perc,View_time,LST,Lon,Lat,MODIS_Time,Day,Temp,RH,Sensor_Time,NDVI
72331544236022.0,35088.43333333333,60.0,10.985,31.969000000000033,-9.164258275754937,38.71525010359911,11.595950551716996,17.75,25.505,59.300000000000004,11.65,0.29116666666666663
72593537240676.0,31703.964912280702,60.0,11.015058479532163,28.349035087719336,-8.751759471420307,42.11993948782753,11.598509110960183,16.710526315789473,23.607602339181284,71.84795321637426,11.498538011695906,0.666525
72636486913589.0,27391.153846153848,60.0,10.846153846153847,29.706923076923104,-8.581646995781874,42.84867030703744,11.418263645872639,14.538461538461538,23.623076923076926,65.23076923076923,11.346153846153847,0.60365
72649371815616.0,33676.3125,60.0,10.9625,32.17125000000003,-8.65252886612745,41.1898445832461,11.53933525774183,17.3125,29.5375,52.6875,11.5625,0.3674
72735271161345.0,29311.727272727272,60.0,10.927272727272728,27.807272727272753,-8.272069446045343,43.346279229995694,11.47874402367575,15.772727272727273,25.05,63.27272727272727,11.409090909090908,0.70065
72864120180336.0,28103.736842105263,60.0,11.11578947368421,34.94894736842109,-7.871240852351091,42.34049331458254,11.64053886384095,14.68421052631579,26.442105263157895,56.89473684210526,11.710526315789474,0.28925
73083163513001.0,29907.86507936508,60.0,10.992592592592594,36.198412698412724,-6.928381771004176,37.27392892462573,11.454484710659537,15.343915343915345,26.100388198757763,56.826086956521735,11.503881987577639,0.210675
73388106191082.0,32055.153846153848,60.0,10.976923076923075,37.488461538461564,-6.135943775043675,36.68336112200631,11.385985995259322,16.23076923076923,26.140384615384615,63.34615384615385,11.346153846153847,0.210275
73632919326473.0,29636.115036231884,60.0,10.99909420289855,41.52717391304351,-5.640227740482622,40.93237385886961,11.375109385597394,15.74909420289855,27.013224637681162,35.28623188405797,11.371376811594203,0.1971
73680163966546.0,29525.75,60.0,11.071428571428571,37.24357142857146,-5.572155103800719,42.59266885645807,11.442905578348618,15.5,34.74814814814815,33.370370370370374,11.462962962962964,0.20829999999999999
73731703572950.0,29363.334821428572,60.0,11.366319444444445,25.096984126984157,-6.244425900247169,53.29228294897672,11.782614504460923,15.056547619047619,21.34017857142857,65.87053571428572,11.758928571428571,0.49311250000000006
73933567037536.0,24591.333333333332,60.0,11.00952380952381,40.97000000000003,-4.812533862043053,37.893266847242,11.33035940032668,13.095238095238095,27.30952380952381,58.23809523809524,11.30952380952381,0.2316
73980811677372.0,29780.08695652174,60.0,11.01304347826087,39.76130434782612,-4.736284720396146,41.65494517315771,11.328795792953946,15.130434782608695,27.344927536231882,40.811594202898554,11.369565217391305,0.24485
74122545598689.0,31960.641044973545,60.0,10.982007936507937,36.65458121693125,-4.633230064358203,36.61224180452963,11.290889940798483,16.250767195767196,29.45342261904762,53.79728835978836,11.260912698412698,0.2519125
74186970106847.0,26279.888918067227,60.0,11.182431722689076,28.132016806722717,-4.489100770558199,48.39869712186044,11.481705107392955,13.156775210084033,24.811843487394956,61.08744747899159,11.439338235294118,0.6217375
74298639257389.0,30181.238785634654,60.0,11.063806418219462,43.341186335403755,-3.6558432611173366,40.476720086877876,11.30752930229395,15.927522163826511,30.585576578011363,31.60182805117588,11.311261347348303,0.24123571428571428
74302934223885.0,24565.189338235294,60.0,11.22591911764706,30.77250000000003,-4.048159218562413,47.9977949529988,11.495796398884554,13.020220588235293,29.703725490196078,47.94901960784314,11.529411764705882,0.621425
74307229192366.0,32234.608262108264,60.0,11.005733618233618,39.73445868945873,-3.613464867142505,37.13201803359982,11.246631276043118,16.521011396011396,28.360861823361823,41.50356125356125,11.179487179487179,0.24915
74324409060855.0,26901.6,60.0,10.986666666666668,29.82333333333336,-3.871877576616538,43.46020480281018,11.244791838441103,13.6,23.373333333333335,72.66666666666667,11.233333333333333,0.5923499999999999
74341588930160.0,27930.416666666668,60.0,11.077777777777778,35.19031746031749,-3.6913575591193615,42.3421498706239,11.323868281719069,14.555555555555555,26.513492063492063,37.714285714285715,11.321428571428573,0.349325
74371653699805.0,33360.909523809525,60.0,10.993809523809523,24.373571428571463,-4.310030120157001,55.86595584055084,11.281144865153324,16.78095238095238,22.12261904761905,67.33809523809524,11.219047619047618,0.685757142857143
74504797686530.0,23113.117647058825,60.0,11.094117647058823,27.54764705882356,-3.518988778347884,50.459642349101,11.328716898948684,12.529411764705882,20.58823529411765,70.88235294117646,11.382352941176471,0.59075
74521977556006.0,25342.11111111111,60.0,11.250793650793652,30.3303703703704,-3.4208380186934684,47.77495286421987,11.478849518706548,13.365079365079366,30.386243386243383,46.80687830687831,11.52116402116402,0.6340833333333333
74543452392079.0,31643.26388888889,60.0,11.166666666666668,25.13194444444447,-3.3524056811932526,51.547170275475395,11.390160378746216,16.22222222222222,22.825,71.41666666666666,11.375,0.74585
74620761804289.0,28857.071428571428,60.0,11.003021978021978,32.37692307692311,-2.9455840556831716,43.30084767891266,11.199394248400855,15.574175824175825,28.37445054945055,54.29120879120879,11.12912087912088,0.5387500000000001
74719546050777.0,34192.666666666664,60.0,11.399999999999999,25.933809523809558,-3.2284768583488663,55.93847441332118,11.615231790556592,17.19047619047619,20.8,63.25714285714286,11.804761904761904,0.5538
74728135986224.0,23364.3125,60.0,11.161249999999999,32.740500000000026,-2.7416002484427624,47.661959986709064,11.344023349896183,12.4875,25.533125,45.54375,11.3125,0.541425
74736725920168.0,30269.333333333332,60.0,11.533333333333333,26.73500000000003,-2.998732081139193,53.75544866062288,11.73324880540928,15.166666666666666,24.708333333333332,50.25,11.75,0.5023
74753905791192.0,32965.153846153844,60.0,10.899999999999999,37.71692307692311,-2.464451511117414,36.84408496037671,11.064296767407827,16.76923076923077,33.753846153846155,48.76923076923077,11.038461538461538,0.1275
74805445398115.0,28819.666666666668,60.0,11.004761904761905,36.32047619047622,-2.4582444424510177,42.43593145442944,11.168644867591972,15.095238095238095,34.72857142857143,33.42857142857143,11.119047619047619,0.3297
74934294416472.0,27962.690476190477,60.0,11.114285714285714,31.95190476190479,-2.36389878236221,47.29220017960469,11.271878966443195,14.619047619047619,24.735714285714288,56.833333333333336,11.261904761904763,0.5025000000000001
74998718925250.0,30690.748072562357,60.0,11.561284013605443,27.057557823129283,-2.4453745212891187,53.461039380134075,11.724308981691383,15.86811224489796,25.17644557823129,62.111167800453515,11.832879818594105,0.5926821428571429
75033078663715.0,30459.25,60.0,11.165277777777776,30.405555555555583,-1.928870369955048,52.46560463080207,11.293869135774782,16.23611111111111,25.745833333333334,56.51388888888889,11.347222222222223,0.5459833333333334
75033078664706.0,28842.75,60.0,11.125,29.59833333333336,-1.8054498846307545,43.343906988235254,11.245363325642051,15.75,26.349999999999998,66.5,11.25,0.65525
75063143434982.0,34433.006993006995,60.0,11.234498834498835,28.098531468531505,-1.920927224611843,50.77020833290439,11.362560649472956,17.221445221445222,23.61142191142191,58.23076923076923,11.301864801864802,0.5354833333333334
75067438403132.0,26826.298511430086,60.0,11.154845446950711,35.263268018531214,-1.6375171662239476,42.79602318726643,11.264013258032307,14.324029771398193,31.307192982456144,41.52543859649123,11.262280701754387,0.32488333333333336
75071733369848.0,25625.174130690288,60.0,11.175008958261666,34.73049205939689,-1.648054765196749,48.11299657189809,11.28487927594145,12.756045034973054,25.315556917211328,51.147205739020755,11.272918816649467,0.5224833333333333
75101798140565.0,31619.18181818182,60.0,11.021363636363636,28.538818181818215,-1.811070581508624,51.58022113248353,11.142101675130878,16.154545454545456,25.46681818181818,54.79545454545455,11.068181818181818,0.50915
75131862911401.0,40616.285515873016,60.0,11.282440476190477,26.729694444444476,-1.5943765526254732,53.73424920239457,11.388732246365507,20.89702380952381,23.923353174603175,67.4343253968254,11.443650793650793,0.6456250000000001
75149042781680.0,31854.94170040486,60.0,11.138147177899501,29.105879971421793,-1.490235139342455,43.51581157658707,11.237496187188997,16.243724696356274,27.45085972850679,64.89010180995476,11.203110859728508,0.59835
75153337748569.0,26554.583159686106,60.0,11.191107085346216,34.25893128077113,-1.5519923512023646,47.21912628949959,11.294573242093039,14.0127069705445,28.90063931537296,46.10961152785086,11.317618216761778,0.47251666666666664
75187697487948.0,29918.14285714286,60.0,10.952380952380953,40.69000000000003,-1.2076003699910527,38.05460158245671,11.032887643713687,15.857142857142858,33.52857142857143,37.38095238095238,10.976190476190476,0.1797
75191992453417.0,24937.795454545456,60.0,11.32121212121212,24.58878787878791,-1.4625739977776147,54.954072860193335,11.418717054397295,13.401515151515152,21.98939393939394,56.81818181818181,11.492424242424242,0.5159
75191992453685.0,28798.535714285714,60.0,11.152380952380952,29.77166666666669,-1.506090364958193,52.47358865123826,11.252786976711498,15.238095238095237,25.503571428571426,66.55952380952381,11.202380952380953,0.51115
75222057224916.0,31309.333333333332,60.0,11.477777777777776,28.340833333333364,-1.1665275901877623,50.92571205030823,11.555546283790298,15.555555555555557,25.33055555555556,55.361111111111114,11.569444444444445,0.5153833333333334
75243532061126.0,36803.27777777778,60.0,11.895833333333334,27.578888888888923,-1.361689065993928,53.38611023856806,11.986612604399594,18.597222222222225,25.69027777777778,63.27777777777778,12.125,0.61645
75260711931255.0,27622.714215686272,60.0,11.153308823529413,31.699686274509833,-1.0831840187648232,44.63449420156497,11.225521091447066,14.445343137254902,27.851053921568624,59.63333333333333,11.16029411764706,0.50155
75273596832975.0,30601.5,60.0,11.09,35.30300000000003,-1.135880188647429,46.16110460638762,11.165725345909829,15.7,27.075,48.05,11.15,0.32225000000000004
75282186766836.0,39512.58333333333,60.0,11.450000000000001,27.330000000000034,-1.22888365931915,53.11854187985604,11.531925577287943,19.833333333333336,25.30833333333333,62.08333333333333,11.666666666666668,0.5362
75372381081628.0,29168.7375,60.0,10.9385,39.13513333333336,-0.6015282730087954,38.33285394729279,10.978601884867253,15.548333333333332,31.199916666666667,48.48833333333333,11.01,0.19134999999999996
75376676048563.0,30788.779644268776,60.0,11.041847826086956,39.30976284584983,-0.8979503598624003,41.647280350038585,11.101711183411116,15.687747035573121,31.98840579710145,33.60561358930924,11.028185582533409,0.1961125
75445395524235.0,29026.266666666666,60.0,11.003333333333334,29.525000000000023,-0.7012850522259599,51.59726827581086,11.050085670148398,15.233333333333334,25.956666666666667,59.983333333333334,10.916666666666668,0.6139
75453985459543.0,28280.43982683983,60.0,11.167708333333334,34.89836363636366,-0.6048040401201832,44.86126940326893,11.208028602674679,14.73917748917749,29.372601105035315,48.87539160401003,11.147526486671223,0.5228875000000001
75462575393857.0,27104.618860871917,60.0,11.027178471437983,35.56966588438738,-0.5848317265017992,47.47193093621541,11.06616725320477,14.252193911161303,28.19977555053642,45.78561782420478,11.092758328627895,0.47715625
75466870362016.0,31233.04730211817,60.0,10.941007525083611,38.52492198067636,-0.4141739399637046,39.43235455999568,10.968619121081192,16.050980118914904,30.738400222965442,54.220969899665555,10.997502787068006,0.24473333333333333
75518409969616.0,32736.478260869564,60.0,10.98695652173913,37.32391304347829,-0.4343565745151096,39.19589511978303,11.015913626706803,16.652173913043477,31.80952380952381,52.19047619047619,11.023809523809524,0.19090000000000004
75539884804834.0,28484.75757575758,60.0,11.296666666666667,28.53515151515155,-0.3362652695414072,50.831214780783604,11.319084351302761,14.224242424242425,25.0169696969697,60.78181818181818,11.315151515151515,0.5767833333333333
75539884805635.0,30336.764583333334,60.0,11.223125,32.6000416666667,-0.37061595450662754,43.31160526020409,11.247832730300441,16.21875,30.648125,58.0,11.210416666666667,0.5988500000000001
75544179772607.0,31464.14342105263,60.0,11.120131578947369,37.19902631578951,-0.469558947781538,46.3241382591037,11.151435508799471,15.873684210526317,29.865555555555556,42.022222222222226,11.158333333333333,0.3606
75582834477964.0,29217.24406862745,60.0,11.34188725490196,31.55095588235297,-0.36378862488369634,49.17606781536135,11.366139829894207,14.863480392156863,24.87270098039216,54.49009803921568,11.371351540616248,0.41525
75604309315479.0,28710.875,60.0,10.895833333333334,36.90583333333336,-0.2833268218348976,39.68496932332498,10.914721788122327,14.708333333333334,30.070833333333336,53.25,10.958333333333334,0.2714
75642964019840.0,28874.10771532657,60.0,11.081120869112672,30.66962971636745,-0.2697367245242882,51.49036494650535,11.099103317414292,15.303525891230809,26.278216887848036,54.13522638563622,11.079651314077545,0.4992401639344262
75647258988532.0,31218.27,60.0,10.981666666666667,33.5858166666667,0.11099371387184806,38.82735041771572,10.974267085741879,15.61,29.07208333333333,63.743333333333325,10.949166666666667,0.31710000000000005
75694503628659.0,28785.916666666668,60.0,10.891666666666666,37.08916666666669,-0.1133993988901821,39.95366583460351,10.899226626592679,15.083333333333334,30.666666666666668,55.125,10.958333333333334,0.35980000000000006
75703093561939.0,28295.49642857143,60.0,11.065,32.05471428571431,0.12207346521439767,52.228652459923,11.056861768985707,15.102380952380951,26.217261904761905,60.20595238095238,10.992857142857144,0.5123625
75707388529515.0,24532.055555555555,60.0,11.277777777777779,32.11000000000003,0.1838309000293597,49.51034878493396,11.265522384442486,12.777777777777779,26.883333333333333,54.94444444444444,11.222222222222221,0.502
75728863366153.0,25943.00432900433,60.0,11.222619047619048,36.05060606060609,0.20965801333091827,48.00047487273193,11.20864184673032,13.869047619047619,27.078138528138528,46.442640692640694,11.173160173160174,0.456025
75737453300997.0,28182.761904761905,60.0,11.142857142857142,34.72809523809527,0.2312757352380239,45.67848272207001,11.12743876050794,15.142857142857142,28.995238095238093,51.23809523809524,11.071428571428571,0.5145
75776108006562.0,31586.453174603175,60.0,11.158968253968254,36.54990476190479,0.3461793375502351,46.5885257923976,11.135889631464906,16.04206349206349,28.104444444444443,44.84603174603175,11.073809523809524,0.41785000000000005
75819057678979.0,28165.175,60.0,11.18,29.295785714285746,0.49447060763682416,51.7337484276638,11.147035292824212,14.885714285714286,27.254285714285714,50.371428571428574,11.071428571428571,0.51624
75900662058405.0,27532.85,60.0,11.190000000000001,34.812000000000026,0.5605669707318417,44.1946767146264,11.152628868617876,14.1,33.37,46.0,11.1,0.511
75909251992648.0,27331.454857050034,60.0,11.146988304093567,34.39197157244967,0.701930383239528,47.39275885382797,11.100192945210932,14.30653021442495,27.402573099415203,46.97571474983756,11.080506822612087,0.4842611111111111
76016626174828.0,25912.51130298273,60.0,11.33607535321821,32.0924578754579,1.1247712938944228,49.37103181669228,11.261090600291917,13.457378335949764,27.13343537414966,44.85905285191,11.264992150706435,0.4651571428571429
76029511076452.0,30932.12222222222,60.0,11.034444444444444,28.845000000000038,1.195534042540428,52.04955489566188,10.95474217494175,16.03888888888889,24.642222222222223,58.988888888888894,10.972222222222221,0.4956
76059575847840.0,28451.384615384617,60.0,11.284615384615384,30.49615384615388,1.135871270445322,49.03817903348564,11.208890633252365,14.461538461538462,29.023076923076925,43.61538461538461,11.192307692307692,0.6782000000000001
76063870814757.0,29701.469642857144,60.0,11.3352876984127,28.222045634920665,1.26785731730153,52.65624011903898,11.250763877259264,15.638789682539683,25.92251984126984,57.53373015873016,11.260515873015873,0.6317375000000001
76111115455544.0,26852.0,60.0,11.189473684210526,36.93736842105267,1.3433398651589985,47.59771102918047,11.099917693199925,14.052631578947368,32.09473684210526,31.789473684210527,11.078947368421053,0.39465
76119705390319.0,30025.022486772486,60.0,11.247962962962964,32.55012698412702,1.2899213209057347,45.84348581108471,11.161968208235914,15.08968253968254,28.21809523809524,46.78915343915344,11.09153439153439,0.6419
76145475194326.0,29438.5847863308,60.0,11.271163687963224,36.45094938549585,1.4182894490973743,43.61900534982166,11.176611058023399,14.804049394877568,29.972373639647245,47.58223293304563,11.161050520686743,0.44744772727272725
76162655063005.0,28347.125,60.0,11.149999999999999,33.901250000000026,1.4968377302722926,48.44817307759895,11.05021081798185,14.0,26.8375,42.65625,10.96875,0.468775
76278619179735.0,26733.666666666668,60.0,11.32,29.229333333333365,1.8851050362989854,50.942141608139636,11.1943263309134,13.533333333333333,23.08,62.66666666666667,11.166666666666666,0.47175
76291504081940.0,28314.44487795118,60.0,11.143217286914766,34.675418000533575,1.9036908879969658,47.89536557971454,11.016304561048301,15.093637454981993,28.859923969587836,43.0984143657463,11.041008069894625,0.42285
76295799049961.0,30051.57532051282,60.0,10.986057692307693,35.943141025641054,1.710459884439724,41.222304609364656,10.872027033345045,15.229166666666668,30.369230769230768,59.86698717948718,10.879807692307693,0.30884999999999996
76334453755570.0,28001.48,60.0,11.052,39.129200000000026,1.826599400927249,41.72499913707436,10.93022670660485,14.4,29.195999999999998,49.56,10.94,0.20575
76394583296748.0,24694.0,60.0,11.581818181818182,28.426363636363657,2.2331445621720167,50.75802309609233,11.43294187767338,12.272727272727273,23.336363636363636,65.72727272727273,11.409090909090908,0.39625
76416058133315.0,26524.29090909091,60.0,11.312272727272727,33.475090909090945,2.302599520180489,49.88700459181749,11.158766092594028,13.76818181818182,26.755000000000003,41.68181818181819,11.168181818181818,0.529725
76428943035283.0,25302.823024316513,60.0,11.303731925577555,33.282407768588385,2.3436359370763795,48.81774735424877,11.147489529772464,12.734537744574785,27.180078612015183,44.61192304938988,11.161094901375058,0.4745139880952381
76433238003139.0,29840.575163398695,60.0,11.255555555555556,36.31277777777781,2.1485866288955227,43.948059442214,11.11231644696252,15.343137254901961,33.26599264705882,40.63602941176471,11.077205882352942,0.52585
76484777610114.0,30116.541666666664,60.0,11.326923076923077,32.778974358974395,2.482446213418595,49.28571488071506,11.16142666269517,15.298076923076923,28.451602564102565,43.81730769230769,11.179487179487179,0.49615
76484777610349.0,25740.38888888889,60.0,11.238888888888889,36.99555555555558,2.382069619155001,47.07857802543725,11.080084247611888,13.444444444444445,28.077777777777776,38.611111111111114,11.11111111111111,0.4213
76506252447247.0,24180.8,60.0,11.306666666666667,35.720666666666695,2.3810351077106024,43.21218068401541,11.147930992819294,12.933333333333334,30.506666666666668,47.733333333333334,11.1,0.3783
76562087021340.0,22981.809523809523,60.0,11.276984126984129,32.417142857142885,2.787080849637385,50.296552957621756,11.091178737008303,12.420634920634921,28.160317460317458,43.54761904761905,11.134920634920634,0.49015
76617921596279.0,25761.69230769231,60.0,11.476923076923075,32.93307692307696,2.809523505239377,49.42313322742962,11.289621509907118,13.307692307692308,28.592307692307692,42.23076923076923,11.346153846153847,0.4317
76669461203668.0,29831.631602499154,60.0,11.409594731509626,33.10020584262077,3.0255483558786924,50.58677558948683,11.207891507784378,14.753351908139141,29.167551502870655,45.116725768321515,11.189496791624451,0.4779691489361702
76682346106519.0,28736.14285714286,60.0,11.00952380952381,36.60714285714289,2.8271860045120767,41.980880191925294,10.821044742556337,14.666666666666666,31.54285714285714,47.285714285714285,10.880952380952381,0.22475
76690936040112.0,29298.214285714286,60.0,11.317857142857143,28.22500000000003,3.26959571552971,51.325220750090665,11.099884095155161,14.535714285714286,25.24285714285714,55.25,11.071428571428571,0.48675
76695231008441.0,29247.616437342367,60.0,10.961252437417656,35.659720214568075,2.115255561977183,41.45481310767992,10.82023539995251,14.928806098249577,30.49609311500094,55.76461456804065,10.870895689817427,0.302886
76703820942916.0,29371.57412112847,60.0,11.05843633017546,36.5998755672669,2.868669517067956,42.69083447978266,10.867191695704262,15.360802643411338,30.756838572055965,47.12883493318276,10.948548633331242,0.3620388888888889
76708115909304.0,39437.65,60.0,11.345,28.90200000000003,3.1804226126628987,51.15643485701563,11.132971825822473,19.75,28.555,49.400000000000006,11.05,0.6548750000000001
76733885713654.0,26436.755153508773,60.0,11.302087848297214,37.252346319229474,3.1192671564901517,45.77232227418924,11.094136704531204,13.24828216374269,29.461841245270037,45.545951582387346,11.111650756793946,0.386275
76798310223528.0,29748.2,60.0,10.959999999999999,31.49200000000003,3.022967295364672,41.7855581884812,10.758468846975688,15.2,33.15,57.7,10.7,0.31485
76802605190660.0,29576.041666666668,60.0,11.179166666666667,37.79333333333336,3.246996991390846,43.35427885728557,10.962700200573943,15.875,28.933333333333334,47.708333333333336,10.958333333333334,0.28525
76918569306782.0,32101.083333333332,60.0,11.183333333333332,28.5066666666667,3.9575190714490183,51.49063110366822,10.919498728570064,16.166666666666668,27.95,50.25,10.916666666666666,0.6341000000000001
76991583751047.0,25755.335858585855,60.0,11.18030303030303,37.144747474747504,4.016880111039508,49.27271883069478,10.912511022900397,13.171717171717171,27.832828282828284,45.45454545454546,11.015151515151516,0.32739999999999997
77017353554924.0,30356.571428571428,60.0,11.207142857142857,35.83000000000003,3.9932899800997625,48.29038778682276,10.940923525136204,14.928571428571429,26.235714285714288,43.142857142857146,11.0,0.27415
77021648522719.0,31848.309375,60.0,11.172967897139094,38.143248576604584,3.9385099236581786,43.64166624801726,10.910400568895215,16.092599520045173,31.743058882383824,43.410915505166074,10.974452435436417,0.3454375
77038828391170.0,31970.146428571432,60.0,11.209761904761905,30.681857142857172,4.282699015771559,50.407181025207215,10.924248637043801,17.04642857142857,27.370238095238097,48.8,10.91904761904762,0.57446
77056008260268.0,32348.888459720354,60.0,11.252134335970542,30.917555667512595,4.293247480599802,50.94025094929299,10.96591783726389,16.280347813106435,27.785577573767227,50.25647235905856,10.98549285963079,0.6187681034482759
77064598195421.0,28840.86363636364,60.0,11.134090909090908,38.483181818181855,4.04767094699706,46.039335474820106,10.864246179291106,14.704545454545455,31.48603896103896,41.015151515151516,10.965367965367966,0.345225
77133317670688.0,33074.15375695733,60.0,11.660533395176254,21.710463821892425,5.301020738274814,60.4518100265131,11.307132012624598,17.230287569573285,21.26146052360338,62.22673933209648,11.289530509173366,0.6838071428571428
77146202572587.0,33727.030769939556,60.0,11.707145559978377,22.584160959998066,5.335274278538511,60.33003554402434,11.35146060807581,17.432259570494864,23.89628433829672,56.673040444247874,11.338230687011647,0.67957
77193447213601.0,34514.73238643339,60.0,11.353581467436287,29.572151952008987,4.7676991189425015,52.15539664007617,11.035734859506785,18.30395236803247,26.707000138414404,56.15715352591135,11.024570312179824,0.5655968085106383
77202037148956.0,25430.256578947367,60.0,11.289473684210527,33.86586842105266,4.384152482939561,45.48654517632548,10.997196852014557,13.74736842105263,31.430277777777782,45.638888888888886,11.025,0.61225
77210627083091.0,27526.85714285714,60.0,11.207142857142857,30.684285714285743,4.741165949682651,49.77898286879777,10.891065127164014,14.642857142857142,28.46923076923077,34.15384615384615,10.807692307692308,0.6297500000000001
77210627083724.0,31493.5046113307,60.0,11.143840579710144,37.36742424242427,4.311148080492544,43.79052906338137,10.85643070767731,15.97266139657444,31.262220026350462,44.09650856389987,10.95125164690382,0.3610499999999999
77236396886583.0,36729.241258741255,60.0,11.424125874125874,30.33958041958045,5.0120987001394965,52.498686701517585,11.089985960783242,19.066433566433567,25.87342657342657,62.52797202797203,10.996503496503497,0.6063000000000001
77249281789207.0,27315.65,60.0,11.27,35.68800000000003,4.57380696894472,45.48290209076481,10.965079535403685,14.7,27.875,47.15,10.95,0.47085
77257871723046.0,37986.28571428571,60.0,11.407142857142857,28.302857142857174,5.07949132391075,52.68224708274969,11.068510102215475,19.88095238095238,27.761904761904763,53.642857142857146,11.047619047619046,0.62095
77270756624305.0,30221.08810294825,60.0,11.630779432985316,22.442174777183634,5.723241932974414,58.8863569869607,11.24922997078702,15.406017174546585,21.87328906714201,62.220025181789886,11.279712036329682,0.5981566666666667
77279346559661.0,34945.78333333333,60.0,11.236111111111112,31.331333333333358,4.83593894028908,51.3368292764998,10.913715181758505,17.572222222222223,26.836666666666662,52.05277777777778,10.955555555555556,0.6373000000000001
77292231462116.0,29306.916666666668,60.0,11.120833333333332,33.81083333333337,4.746695234988923,45.974981728416786,10.804386984334071,14.791666666666666,29.9375,43.541666666666664,10.833333333333334,0.67605
77300821396152.0,32384.263636363634,60.0,11.197818181818182,31.30090909090912,5.352143949643908,51.005314138673924,10.841008585175254,16.047272727272727,26.71,48.276363636363634,10.89090909090909,0.5969
77300821396715.0,29650.670536567322,60.0,11.185035074098288,35.11451403028141,4.811478046004731,45.71067173393565,10.864269871031308,14.949052447855841,29.480376330593725,43.714027176527175,10.904969815477061,0.4830722222222222
77309411331456.0,29507.85714285714,60.0,11.053968253968256,34.765238095238125,4.711758178235176,44.55007747315517,10.73985104208591,15.34920634920635,30.934920634920633,45.22222222222223,10.722222222222221,0.5267499999999999
77322296232577.0,31009.303413993413,60.0,11.166681725681725,31.464310600510625,4.930790411074051,51.60661707844282,10.837962364943454,15.92088171088171,27.033012062012062,51.34969252969253,10.867212787212788,0.5564233333333334
77326591198824.0,38446.25,60.0,11.693541666666667,20.625750000000032,6.375718556889566,62.447767200225485,11.268493762874028,19.758333333333333,21.63885416666667,63.065625000000004,11.20625,0.5932000000000001
77326591200395.0,28930.3125,60.0,11.05625,35.38625000000003,4.821643805495242,46.78094194832185,10.73480707963365,14.9375,34.4875,37.375,10.75,0.5254
77326591200446.0,26464.00138888889,60.0,11.1625,35.59805555555559,4.8023280945069775,46.31709845331557,10.842344793699535,13.375,29.389027777777777,42.34583333333333,10.962499999999999,0.4676
77330886167105.0,33809.68194444445,60.0,11.308194444444444,29.005500000000026,5.19287808868128,52.35886712888574,10.96200257186569,17.806944444444444,25.677003205128205,55.98317307692307,10.94150641025641,0.5875166666666667
77343771069718.0,27514.478260869564,60.0,11.091304347826087,32.751739130434814,4.884271879790889,45.53807008899804,10.765686222506696,14.782608695652174,36.256521739130434,37.82608695652174,10.804347826086957,0.60945
77369540873556.0,30225.59090909091,60.0,11.124967061923584,35.57692358366275,4.903460877990885,44.93309047177389,10.798069670057524,15.747694334650857,30.19275362318841,44.12285902503294,10.80368906455863,0.40820833333333334
77373835840594.0,24863.664129686964,60.0,11.194840041279669,36.444358445132465,5.066922232816349,47.31640640967332,10.857045225758581,13.026831785345717,26.887405400756794,44.36708806329549,10.952442380460957,0.3434625
77378130807552.0,22857.090909090908,60.0,11.200000000000001,30.888181818181852,5.316702122650909,50.54999711374698,10.845553191823273,12.272727272727273,23.936363636363637,56.72727272727273,10.863636363636363,0.5810500000000001
77386720742841.0,29503.622989291413,60.0,11.1042326270221,36.54023786739579,4.859301359801697,43.9530317857987,10.78027920303532,15.015536568694463,31.30194691273639,45.18124515835042,10.787358168147643,0.43529999999999996
77391015709239.0,34362.8,60.0,11.153333333333334,28.319333333333365,5.464392008642092,52.52374684943795,10.789040532757193,17.733333333333334,27.48,54.13333333333333,10.833333333333334,0.5669000000000001
77399605643934.0,35062.07954545455,60.0,11.171071829405163,33.60062289562292,5.440526404348376,51.44787922459048,10.80837006911527,17.617452300785633,28.473187429854097,47.98678451178451,10.869416386083053,0.5735277777777779
77438260349556.0,38960.583333333336,60.0,11.108333333333334,30.290000000000035,5.56708510590295,51.9339192575934,10.737194326273135,19.916666666666668,29.5,50.583333333333336,10.833333333333334,0.6024
77442555316865.0,33825.0,60.0,11.275,34.38600000000004,5.499826255163297,51.77160129059638,10.908344916322445,17.450000000000003,28.45,55.1,11.0,0.53115
77442555317687.0,29734.428571428572,60.0,11.138095238095238,36.9509523809524,5.05371326072078,44.0728986648568,10.801181020713852,15.142857142857142,29.59047619047619,45.23809523809524,10.833333333333334,0.4215
77451145251417.0,36637.44871794872,60.0,11.260683760683762,31.5233760683761,5.668991915011383,52.004527636407694,10.882750966349668,18.985042735042736,28.4258547008547,50.794871794871796,11.023504273504273,0.56195
77455440218696.0,30680.428571428572,60.0,11.314285714285715,30.230000000000036,5.625575134420999,52.33356173040743,10.939247371990982,15.928571428571429,27.7,44.57142857142857,11.0,0.6099500000000001
77468325121507.0,31776.454545454544,60.0,11.118181818181817,36.31454545454548,5.150217125719455,43.63206301651103,10.774834009800522,16.0,30.604761904761908,42.523809523809526,10.785714285714286,0.37725000000000003
77476915055088.0,38159.346153846156,60.0,11.361538461538462,29.260769230769263,5.809006944906075,53.20933586595578,10.974271331878057,19.192307692307693,26.46923076923077,57.230769230769226,11.038461538461538,0.563475
77558519433811.0,36922.32196969697,60.0,11.217045454545456,33.662045454545485,6.001012120349912,52.22654181875771,10.81697797985546,19.026515151515152,27.671969696969697,51.26136363636363,10.897727272727273,0.54545
77558519433832.0,37092.651607651605,60.0,11.20033781033781,31.94021571021574,5.94867267855158,51.92095863265372,10.803759631767706,19.092511192511193,28.917312872312873,46.330458430458435,10.811771561771561,0.5559222222222222
77575699302965.0,40560.29393939394,60.0,11.486363636363636,31.390242424242455,6.058264005142121,52.47453769657914,11.08247936935416,21.19090909090909,28.584545454545452,47.90909090909091,10.969696969696969,0.5778833333333333
77584289237863.0,27687.29017857143,60.0,11.23511904761905,32.05020833333336,5.995120161491291,49.531619440142414,10.835444370186295,14.491071428571429,28.895570054945054,38.46760531135531,10.839400183150182,0.5785416666666666
77584289238508.0,30772.356150513566,60.0,11.139456538544271,35.51641193433898,5.373472530698421,43.41213967479426,10.78122503649771,15.446573095641417,30.156615800158217,48.44268949830816,10.82903938099059,0.3965821428571429
77588584204987.0,32321.193007825506,60.0,11.250913336663336,31.221646353646385,5.968761820617566,50.87106442916793,10.852995881955499,16.166886863136863,27.52661152736153,45.991750194250194,10.862097624597626,0.5655725
77601469107496.0,27285.0,60.0,11.313636363636364,34.44727272727276,5.564935819195188,45.32835410735344,10.942640642356684,14.636363636363637,27.36818181818182,51.09090909090909,11.0,0.50235
77618648975951.0,38112.66424242424,60.0,11.286454545454546,31.459551515151542,6.159818247993928,52.25659497076432,10.875799995588284,19.55939393939394,29.447424242424244,48.10606060606061,10.864848484848485,0.64414
77653008714440.0,34676.0,60.0,11.136363636363637,29.184545454545482,6.137016188847028,51.10338493178278,10.727229223773834,17.454545454545453,27.663636363636364,44.63636363636363,10.681818181818182,0.50055
77665893616470.0,29602.64037754525,60.0,11.220361990950227,31.392644937782837,6.0459095082859164,49.63756638060115,10.817301357064498,15.508130656108598,25.834838329562594,46.76571219834088,10.784075697586728,0.5837
77670188583806.0,27191.83557422969,60.0,11.159826797385621,33.815436461251196,6.186245556297281,49.234336672467144,10.747410426965804,14.067203548085903,26.933365779645193,46.93339052287582,10.750096872082166,0.526575
77691663420508.0,28774.399999999998,60.0,11.246031746031747,32.779968253968285,6.044665233296129,47.26489413112041,10.843054063812005,15.038095238095238,31.110793650793653,44.94285714285714,10.871428571428572,0.6344833333333334
77700253355267.0,28025.224206349205,60.0,11.225396825396826,31.606547619047653,5.948012731595671,45.60884748897609,10.828862643290448,15.152777777777777,27.710714285714285,48.97222222222222,10.892857142857142,0.6146071428571428
77704548322236.0,27883.861648351645,60.0,11.245401098901098,33.446298534798565,6.176794937524607,48.705875229320114,10.833614769732792,14.230970695970694,27.410556166056164,40.63842490842491,10.83979242979243,0.5219250000000001
77708843289907.0,26706.34199604743,60.0,11.095087285902503,32.8833109354414,5.782097013232039,45.215895207193775,10.709614151687035,14.213175230566534,29.537294281487647,49.096978695090826,10.760574030596914,0.5798583333333334
77730318125548.0,43702.625,60.0,11.269375,30.891222222222254,6.578250926737077,53.19647358896711,10.830824938217528,21.989583333333332,27.970347222222223,58.229861111111106,10.88125,0.5978875
77743203028201.0,32921.04347826087,60.0,11.04782608695652,28.335217391304383,6.16445303762888,45.910329222242865,10.636862551114596,16.565217391304348,25.48695652173913,58.43478260869565,10.630434782608695,0.8661000000000001
77747497994980.0,32418.855555555554,60.0,11.180555555555557,32.639111111111134,6.481521877135203,50.7790611348625,10.748454097079875,15.838888888888889,26.60666666666667,42.31111111111111,10.816666666666666,0.52385
77768972831356.0,35758.72727272727,60.0,11.218181818181819,34.235454545454566,6.642183288090857,51.83799507573166,10.775369598975761,18.181818181818183,25.572727272727274,52.90909090909091,10.863636363636363,0.56775
77773267799229.0,28808.58478835979,60.0,11.20273769440436,33.03487702421038,6.126942088655948,46.21901619040789,10.794274888493964,14.6818101651435,29.11454172325496,47.183155728621415,10.845452600232013,0.5427472222222223
77799037602380.0,41416.92592592593,60.0,11.226599326599327,33.48144781144784,6.955430677994379,52.20799790384344,10.762903948066368,21.356902356902356,34.25959595959596,35.54545454545455,10.739057239057239,0.5451166666666667
77803332570644.0,30991.322716750125,60.0,11.086812824856304,34.51467660445148,5.969072747363877,43.116869947055754,10.688874641698712,16.41057234690775,30.495166388994026,52.36273302267091,10.751689304484335,0.37429999999999997
77867757079375.0,28204.077192982455,60.0,11.183954678362573,30.602812865497103,6.704638943812438,49.777037214371454,10.736978748775078,14.785599415204679,25.99684210526316,45.20701754385965,10.765497076023394,0.6110666666666668
77880641981170.0,29033.9,60.0,11.2,32.84400000000004,6.788972435669244,50.64365384272303,10.74740183762205,14.0,28.010000000000005,47.05,10.7,0.51385
77893526883515.0,31284.401636363636,60.0,11.158142424242424,30.03816606060609,6.548852519401815,46.38122188714949,10.721552256282303,15.959181818181818,26.031060606060606,54.239363636363635,10.804454545454545,0.61897
77902116818140.0,29902.029204545455,60.0,11.20584090909091,32.47413560606064,6.489199334373973,46.08010726530229,10.773227620132644,15.099166666666667,26.906554677206852,54.6790184453228,10.85445487483531,0.5992250000000001
77927886621860.0,29799.586254629445,60.0,11.180327772950939,29.853775510523217,6.659383090054246,46.505834298928704,10.736368900280656,15.409610027354674,27.45928755761371,51.37656498352756,10.792566163140938,0.6046470588235294
77975131262002.0,27376.552339181286,60.0,11.242199174406604,32.39070622635022,6.81389078417611,47.546947730967844,10.787939788794862,14.685541795665634,28.522787065703476,43.94520811833505,10.873814929480563,0.58057
78026670869371.0,28032.400510413954,60.0,11.127489606565238,32.05760393015017,7.025206478940553,49.28045282296477,10.6591425079692,14.545949207188704,27.627944603249222,44.32924334069292,10.749308266430116,0.6096761904761905
78043850738883.0,31314.984848484848,60.0,11.177272727272726,29.75494949494953,6.968830276659983,46.2717594285794,10.712684042162063,15.904040404040405,27.744696969696967,49.04040404040404,10.7979797979798,0.618925
78043850739190.0,31971.0,60.0,11.14782608695652,35.58652173913047,6.79235689336881,43.42773808804004,10.695002294065269,16.0,30.26086956521739,57.73913043478261,10.76086956521739,0.3857
78078210477171.0,26914.406944444447,60.0,11.089252645502645,28.032173280423308,6.9406554466537855,46.999115358297836,10.626542282392393,14.105621693121693,25.969673315232527,55.85476712614871,10.709864940128098,0.6072666666666667
78091095379085.0,27942.0,60.0,11.265,30.408000000000033,7.125514169475963,46.79237062432184,10.789965722034935,14.5,25.994999999999997,51.5,10.85,0.5964
78099685313231.0,35669.17676767676,60.0,11.219696969696969,30.96010101010104,7.518173690040301,51.00871152776654,10.718485390360948,17.767676767676768,28.175757575757572,46.121212121212125,10.747474747474747,0.74705
78099685313290.0,30295.818051179587,60.0,11.305096057788365,32.831004943774204,7.517587832763433,50.3957489191295,10.803923535604136,16.318298368298368,29.437492507492507,40.50457491226722,10.796070596070596,0.48750000000000004
78108275247721.0,37763.85465768799,60.0,11.211133557800224,31.463732884399576,7.636160513003134,51.94894890542187,10.702056190266681,19.381144781144783,28.62240179573513,48.28888888888889,10.794668911335577,0.5917555555555556
78125455117345.0,28644.880341880344,60.0,11.28017094017094,34.05615726495729,7.323541063619073,47.778805824803456,10.791934869263002,15.382564102564103,26.987666666666666,49.11111111111111,10.8,0.5174200000000001
78134045051906.0,27048.826014957263,60.0,11.287291666666667,35.13440918803421,7.329448926604783,48.072052362841845,10.798661738226349,14.763301282051282,27.58880341880342,45.599893162393165,10.884935897435897,0.5133583333333334
78164109822626.0,33894.856060606064,60.0,11.323863636363637,31.926666666666698,7.79098149249012,51.44997302026292,10.804464870197627,16.94318181818182,25.779924242424244,45.46590909090909,10.848484848484848,0.4922500000000001
78168404790228.0,30682.888278388276,60.0,11.292490842490842,33.57043956043959,7.466928214367083,48.54101453426572,10.794695628199705,15.582417582417582,27.93095238095238,43.69047619047618,10.875457875457876,0.5793666666666667
78172699757669.0,26436.35904344194,60.0,11.222292188805346,30.724630325814562,7.336282498969189,47.14121183286283,10.733206688874068,13.878686299081036,27.215719507101085,52.51013993316625,10.76435881370092,0.5505928571428572
78185584659076.0,35653.02823509824,60.0,11.235417233709686,33.3598037727472,6.9999074682346825,51.26347870758773,10.768756735827374,18.198237150689984,28.957759283693246,44.56611479715253,10.841585416679756,0.5524016981132075
78185584659711.0,32409.954545454544,60.0,11.1,32.66909090909094,7.302723304440957,45.72415283505939,10.613151779703935,16.136363636363637,30.095454545454547,42.72727272727273,10.590909090909092,0.69165
78189879626506.0,33034.92307692308,60.0,11.353846153846153,30.816153846153878,7.728398009205007,50.47095062937255,10.838619619899154,17.76923076923077,26.984615384615385,42.61538461538461,10.807692307692308,0.59225
78194174594167.0,29495.334378224972,60.0,11.31592288011696,31.62125708777666,7.469773492430935,46.939296517665866,10.817937980621563,15.357982886136911,28.03027193699117,49.3699310572182,10.833317925123266,0.5734041666666667
78202764528199.0,40694.578125,60.0,11.212003968253969,33.205342261904796,8.003714055997388,52.28479644389931,10.678423031187474,21.197420634920636,29.047395833333333,45.967013888888886,10.680555555555555,0.56911875
78202764529102.0,30679.156399479536,60.0,11.156102613360176,33.384506367073406,7.094229698106863,43.639956982493345,10.683153966819717,15.432353844957815,30.035998167678173,61.49151392077892,10.757382599823154,0.4718304347826087
78211354463330.0,28321.689705882356,60.0,11.28124183006536,30.62839542483663,7.595345568331867,47.197492440510345,10.774885458843235,14.765359477124184,26.022608776844073,54.45081232492997,10.828683473389356,0.62705
78215649430180.0,34251.96401515151,60.0,11.277727272727272,30.97045454545458,8.027753069776516,51.412230074171276,10.74254373474217,17.131818181818183,29.101742424242424,41.21401515151515,10.832575757575757,0.634525
78215649430581.0,27482.67931829887,60.0,11.253225102536682,31.76404062887206,7.621404852161608,47.54905607888117,10.745131445725907,14.593797383040313,27.91159414399095,51.62562411992973,10.769767615110672,0.6122214285714286
78224239364732.0,35922.65909090909,60.0,11.253636363636364,33.33518181818185,8.036611074019186,51.75001255284613,10.717862292035086,18.31818181818182,26.502727272727277,46.372727272727275,10.786363636363637,0.465175
78228534332360.0,28163.53015648567,60.0,11.397171945701357,33.86335707327805,7.68920975698443,48.576519940607916,10.884557961902397,14.213448969331322,28.51494892668606,43.003898674854554,10.898037532320622,0.5413875
78232829299908.0,31641.67231335915,60.0,11.20900660742766,31.536813624971547,7.424993193056759,46.24958075175977,10.714007061223876,15.901837928153716,28.22612819928609,47.83184476342371,10.794679881521986,0.56533
78237124266709.0,38238.444444444445,60.0,11.372222222222224,31.796666666666695,7.988040315794526,50.84754400884132,10.839686201169252,19.055555555555557,28.777777777777775,38.55555555555556,10.88888888888889,0.615425
78245714201072.0,48381.78571428572,60.0,11.385714285714286,31.320000000000036,8.18194432510362,53.15048242070186,10.840251330707378,24.571428571428573,27.160714285714285,52.82142857142857,10.785714285714286,0.6803250000000001
78258599103632.0,31285.737472766883,60.0,11.24226579520697,31.17350762527236,7.597539743323565,46.78259478844567,10.735763145652067,16.11111111111111,30.569063180827886,45.870370370370374,10.750544662309368,0.6811166666666667
78258599103796.0,30515.939205721814,60.0,11.178416149068322,34.432002635046146,7.62897916614625,45.121602790894926,10.669817537991905,15.907726331639376,30.205792396009787,52.225931677018636,10.654832486354225,0.5294857142857143
78280073939943.0,26768.785714285714,60.0,11.192857142857141,31.667142857142885,7.822070345034744,48.294672982935126,10.671385786521494,13.357142857142858,27.9,48.46153846153846,10.807692307692308,0.59975
78284368907265.0,26720.735661764706,60.0,11.270104166666666,31.75062745098042,7.811096497342215,48.05896044214892,10.749364400177186,14.675919117647059,28.528927696078433,52.10490196078432,10.81219362745098,0.6427625
78288663874317.0,32253.090909090908,60.0,11.118181818181817,33.4027272727273,8.031746194769877,50.368525078174905,10.582732071863825,17.272727272727273,27.363636363636363,42.63636363636363,10.590909090909092,0.47645000000000004
78314433678735.0,31459.130434782608,60.0,11.160869565217391,30.556086956521767,7.520149071806975,44.36592403148295,10.659526293763593,16.08695652173913,30.37391304347826,47.78260869565217,10.630434782608695,0.57605
78331613547573.0,28765.720238095237,60.0,11.192797619047619,30.928285714285742,7.957993778121144,47.55570183815597,10.66226470050621,15.267261904761904,29.136190476190475,48.76785714285714,10.744047619047619,0.5689875000000001
78335908513991.0,29473.86666666667,60.0,11.633333333333335,25.19333333333336,9.043485010089372,56.13801918546289,11.03043433266071,14.766666666666666,23.939999999999998,50.833333333333336,11.166666666666666,0.5056833333333334
78353088384464.0,31386.838095238094,60.0,11.085396825396826,30.555523809523844,7.47155081579249,43.76157463387434,10.587293437677326,15.947619047619048,29.599999999999998,60.57631578947369,10.657894736842104,0.48900000000000005
78361678318477.0,30258.466666666667,60.0,11.246666666666666,32.95933333333336,8.111862863397137,49.18792010596141,10.705875809106859,15.6,34.892857142857146,26.357142857142858,10.785714285714286,0.5952500000000001
78370268253113.0,30198.441176470587,60.0,11.347058823529412,28.832352941176495,8.21677882253314,48.78102936438499,10.79927356869387,15.411764705882353,29.92647058823529,45.23529411764706,10.852941176470589,0.8436000000000001
78374563219356.0,29668.654897046537,60.0,11.497374686716793,24.984324377119297,9.626557063837954,59.1669451404061,10.855604215794262,14.961773920094354,24.440473856209152,49.04812705784068,10.870590078136518,0.6340250000000001
78374563220415.0,30644.5625,60.0,11.29375,30.52375000000003,8.109784922306233,48.72124396701091,10.75309767184625,15.5625,28.8,38.6875,10.8125,0.7075
78408922958745.0,31678.368688725488,60.0,11.281027369281047,30.860301062091533,8.414285042309908,48.99977874158038,10.720075033127051,16.205575980392158,28.335065359477124,47.2000204248366,10.818647875816993,0.6088958333333333
78413217925887.0,37872.62222222222,60.0,11.172592592592594,32.592148148148176,8.436527038364497,50.53010655031458,10.610157456701627,18.829629629629633,30.321481481481484,39.02962962962963,10.603703703703703,0.6836833333333333
78426102827499.0,46813.9847985348,60.0,11.318040293040294,31.94518315018318,8.800424556782637,53.09576067558176,10.731345322588119,23.76245421245421,28.58650183150183,50.24542124542124,10.747344322344322,0.5467923076923077
78426102827952.0,32115.764705882353,60.0,11.211764705882352,32.165294117647086,8.343669231660524,48.87805717375746,10.655520090438317,16.294117647058822,27.458823529411767,58.05882352941177,10.735294117647058,0.7013
78443282697486.0,28292.774305555555,60.0,11.031597222222222,33.36208333333337,8.058016988626253,45.560468153589504,10.494396089647138,14.989583333333332,27.91979166666667,55.35069444444444,10.46875,0.6035250000000001
78447577664577.0,30392.163912023327,60.0,11.21876001277704,30.2723221480088,8.390487449804201,47.408658446239556,10.659394182790093,15.918509509066784,27.267737658914523,51.948949850531946,10.760203667001695,0.6174542372881356
78451872631628.0,31317.76923076923,60.0,11.284615384615384,34.00846153846157,8.512753884506136,49.81439259026318,10.717098458981642,16.615384615384617,28.584615384615386,39.61538461538461,10.807692307692308,0.4299
78486232369952.0,27947.816132396274,60.0,11.233425813713916,33.172326650325346,8.61034641875837,50.04416139256883,10.659402719130023,14.920246826109125,27.961943284508123,44.06101478438377,10.713620054188237,0.5061918181818182
78490527337035.0,41770.86980347695,60.0,11.181330309901739,32.975447845805014,8.596486459411452,52.06261740752166,10.608231212607642,21.82615268329554,28.547921390778534,47.572467876039305,10.640873015873016,0.6113833333333334
78490527337088.0,38448.612599206346,60.0,11.250446428571427,32.14345238095241,8.727068314112117,51.71744104920123,10.668641874297288,19.713789682539684,25.2562003968254,55.307539682539684,10.697420634920634,0.4996125
78494822304504.0,33543.5977991453,60.0,11.23861693861694,31.650221756021786,8.638268215048425,50.5775976115375,10.662732390947044,16.465268065268067,27.629939393939395,45.115079642579644,10.697581585081585,0.559495
78503412239366.0,29850.53125,60.0,11.32767857142857,29.71375000000003,8.494828298271285,48.03572629610994,10.761356684877153,16.151785714285715,27.258806818181817,40.39488636363636,10.883522727272727,0.588875
78507707206372.0,35610.846153846156,60.0,11.316742081447964,29.092941176470624,8.765758819177602,50.81576399563341,10.732358160169458,17.6289592760181,27.426923076923075,51.36425339366516,10.762443438914026,0.6769750000000001
78507707206483.0,29613.821933795374,60.0,11.346557687104562,33.66424689546567,8.543432221060028,49.46841511993355,10.776995539033893,15.503601173132424,28.915677438880564,43.952038499694744,10.867373078310578,0.5084093749999999
78529182042355.0,30164.416666666668,60.0,11.358333333333334,26.18000000000003,9.546739154981276,55.71741745133064,10.72188405633458,14.916666666666666,20.583333333333332,63.083333333333336,10.75,0.5497000000000001
78533477010531.0,31687.072091879516,60.0,11.183628714095287,28.980796187005534,8.388094976762188,47.112515407473595,10.624422382311142,16.648527530529755,26.433969163871687,57.04710612315102,10.6828076625387,0.631796875
78542066943844.0,30045.866841792536,60.0,11.582748538011696,24.038217781530502,10.086857093654835,59.7686583140938,10.910291398434707,15.535056446821153,23.648320863433092,50.60886926540952,10.950433123807738,0.6943318181818182
78546361911630.0,30917.625,60.0,11.575892857142858,25.02089285714289,9.474065840787475,54.78971039536333,10.944288467757026,16.5625,24.096875,60.11607142857143,11.107142857142858,0.583225
78572131715180.0,21603.0,60.0,11.461538461538462,25.113076923076957,9.887298538837147,57.00730607216197,10.802385225615986,10.923076923076923,19.946153846153848,61.30769230769231,10.961538461538462,0.5619000000000001
78580721650730.0,27141.303921568626,60.0,11.344444444444443,28.5525272331155,8.659174413064102,47.68574854764569,10.767166150240172,14.448801742919391,26.775381263616556,52.02069716775599,10.876906318082789,0.7761
78602196487232.0,29822.30269607843,60.0,11.37687397875817,29.809340277777807,8.744867373354577,47.52167778234292,10.793882820534533,15.592933006535947,27.703497753267975,50.41344975490196,10.882710375816995,0.62898125
78606491454376.0,34091.857142857145,60.0,11.307142857142857,31.29500000000003,8.656235493878128,48.876701607037205,10.730060490884316,17.428571428571427,26.932142857142857,49.0,10.857142857142858,0.6071000000000001
78610786420992.0,31399.752525252523,60.0,11.422222222222222,26.191010101010125,9.734363263640098,55.54747070561469,10.773264671312882,16.914141414141415,24.102525252525254,58.92424242424243,10.898989898989898,0.5580166666666667
78615081387925.0,28534.369089302385,60.0,11.611807222889155,24.914080798986294,10.434995269899872,59.256688132312895,10.916140871562499,14.305230425503535,22.79955315459517,53.14665866346538,10.97721755368814,0.6495142857142857
78619376355779.0,44079.96666666667,60.0,11.458333333333332,27.669000000000025,9.480880461972406,53.58664716069416,10.826274635868504,22.35,25.262777777777778,64.07222222222222,10.866666666666667,0.6775249999999999
78645146159271.0,31539.72222222222,60.0,11.427777777777777,28.12555555555559,10.039182209369098,56.44686841536069,10.758498963819836,15.944444444444445,23.03333333333333,57.666666666666664,10.88888888888889,0.5018
78645146160065.0,28788.277777777777,60.0,11.277777777777777,31.217777777777815,9.020737649248728,48.66266178373777,10.676395267827864,14.472222222222221,27.15833333333333,49.611111111111114,10.666666666666666,0.5758666666666666
78645146160110.0,32950.46428571429,60.0,11.360714285714284,29.43226190476193,8.826799453498225,48.284024649619504,10.772260988814404,16.488095238095237,29.626602564102562,37.91346153846154,10.85897435897436,0.722825
78662326029595.0,27627.17720685112,60.0,11.30862977602108,33.01446640316209,8.663984296733753,45.47703837287953,10.731030822905497,14.689064558629775,30.913504611330698,49.824769433465086,10.779314888010541,0.5919
78696685767564.0,32715.923892773895,60.0,11.416503496503497,32.732461538461564,9.25099893899709,49.18243615484917,10.799770233903692,16.93799533799534,28.56757964257964,44.501230251230254,10.847707847707847,0.5955166666666667
78705275702343.0,33540.51111111111,60.0,11.226666666666667,29.350444444444474,9.116957618147,47.460407875909794,10.618869492123535,17.666666666666668,24.78888888888889,58.800000000000004,10.633333333333333,0.6452833333333334
78709570669227.0,35165.96836547291,60.0,11.388686868686868,31.091442607897182,9.471123746181053,51.31251231208833,10.757278618941465,17.88429752066116,26.77905417814509,51.87610192837465,10.877731864095502,0.5695272727272728
78735340473566.0,32203.781415495258,60.0,11.113929606625259,29.98433141549529,8.927545707239148,45.98690358099327,10.518759892809316,16.046271112564018,28.939199193636263,53.480062111801246,10.545962732919254,0.7306000000000001
78739635440540.0,28121.611281262594,60.0,11.349021723890145,31.977332535885196,9.233255432721922,48.83714327876538,10.733471361708684,14.353949121054384,27.973088972431082,46.791288974183715,10.773306956201694,0.5751631578947368
78739635440592.0,30653.171602207316,60.0,11.231227106227106,30.373553351410525,9.182276441421184,48.54210213024648,10.619075343465694,15.54774986917844,28.030976166690454,47.75742115027829,10.586615765187194,0.6106214285714285
78739635440688.0,27592.604166666664,60.0,11.295833333333334,26.757500000000036,9.166917386349809,47.648239332767616,10.68470550757668,14.875,26.215625,61.364583333333336,10.697916666666668,0.667775
78743930407100.0,31106.977789256198,60.0,11.361811294765841,25.81513774104686,10.144945803078075,56.159132353329575,10.685481574560637,15.53064738292011,22.655003443526173,60.75674931129477,10.830371900826448,0.6412636363636364
78743930407482.0,38946.019927294925,60.0,11.486937368187368,32.88813841713845,9.717873450776493,52.39502735135922,10.8390791381356,20.305085192585196,27.771883394383394,49.52000915750916,10.919154456654457,0.5172673076923077
78748225374641.0,45151.256281820904,60.0,11.368084755914944,29.338738843965288,10.006750536402519,53.56563987289447,10.70096805348811,22.928556454028154,27.020976340221623,57.35354896675652,10.755637915543575,0.6207584905660378
78752520342765.0,29585.518313618228,60.0,11.208566888524873,34.686128604181214,9.20936328159362,45.601882701912245,10.59460933641863,14.685169160964701,29.79722040870756,53.26217655625233,10.585708075901666,0.5446467741935485
78765405243214.0,31187.38525255279,60.0,11.400934521970791,24.78882913125581,10.734332653320779,59.87303697493975,10.685312345082737,16.278587024748184,23.82345143994386,52.75941115212467,10.714925253158023,0.6630442307692308
78782585113989.0,26567.75719998526,60.0,11.32969408816158,30.549359206840656,8.92954160087067,44.42982868270874,10.734391314770203,13.836913976116762,30.779599734630697,57.74479397021967,10.802911690992186,0.5838428571428571
78791175047540.0,42241.041666666664,60.0,11.536666666666667,27.317888888888916,10.10444226806154,54.344322004841985,10.863037182129231,21.7,24.62,65.03888888888889,10.919444444444444,0.6607125
78808354916623.0,28984.57797979798,60.0,11.557161616161617,29.196743434343468,10.379280968086151,55.388753165444925,10.865209551622538,15.67040404040404,25.165436868686868,52.81760101010101,11.02919191919192,0.5083650000000001
78821239818132.0,30270.160966524767,60.0,11.568140479876162,24.80658184984523,11.086484585140349,59.2435524965043,10.829041507533471,15.237761222910216,23.36769269220846,52.4999935500516,10.867529347265222,0.6580375
78842714655810.0,34838.38756846868,60.0,11.114432574649294,29.562850919720148,9.540329079872182,47.35047171217112,10.478410635991148,18.34027262726953,26.757134337540684,55.011841112963396,10.4906328320802,0.6771578947368421
78847009622675.0,35192.65277777778,60.0,11.4,31.646111111111146,9.94179990146289,51.52245347833614,10.737213339902475,17.88888888888889,28.303472222222222,42.326388888888886,10.909722222222221,0.5703750000000001
78855599557051.0,43720.42857142857,60.0,11.39857142857143,27.224285714285735,10.2390859391456,53.69186856825232,10.715965699295054,22.58571428571429,26.02857142857143,61.614285714285714,10.814285714285713,0.5861999999999999
78877074394049.0,27312.450757575756,60.0,11.278787878787877,30.39659090909094,9.507327390320395,48.7053985514175,10.64496605276652,13.818181818181818,26.5594696969697,49.503787878787875,10.674242424242424,0.6313500000000001
78902844197709.0,26136.825,60.0,11.198055555555555,33.287481481481514,9.98329555268275,49.752348658205534,10.53250251871004,13.745370370370372,28.545833333333334,42.94814814814814,10.59537037037037,0.5627833333333333
78902844198100.0,30812.85714285714,60.0,11.114285714285714,28.6014285714286,9.376437167548069,46.12891435588279,10.489189903115843,15.333333333333334,28.414285714285718,52.04761904761905,10.452380952380953,0.6745000000000001
78911434131944.0,48066.9126984127,60.0,11.416666666666666,31.067619047619065,10.403919582320265,53.25734923654875,10.723072027845317,24.30952380952381,30.05079365079365,49.611111111111114,10.706349206349207,0.61685
78915729099807.0,26720.035256410258,60.0,11.17852564102564,29.14794871794875,9.605900278207868,47.758167321487676,10.538132289145118,14.599358974358974,25.344871794871793,55.52884615384615,10.538461538461538,0.72115
78920024067000.0,25169.0,60.0,11.315384615384614,29.953076923076953,9.847139874749816,48.78197692335886,10.658908623734627,13.0,26.892307692307693,49.38461538461539,10.73076923076923,0.6647000000000001
78950088838202.0,30540.5,60.0,11.092857142857143,27.82714285714288,9.75917518826849,47.558247984857495,10.442245463639242,16.5,24.4,63.69230769230769,10.423076923076923,0.7199
78984448576478.0,30136.903571428575,60.0,11.111785714285714,32.59585714285718,9.97814202095858,48.3934795277178,10.44657624622181,15.025,28.135,44.05357142857143,10.45,0.5399499999999999
78988743543206.0,38483.28333333333,60.0,11.244444444444445,27.203944444444478,10.673256717783483,53.88757331120349,10.532893996592213,19.758333333333333,24.835000000000004,67.05277777777778,10.608333333333333,0.6412166666666667
78988743543605.0,28746.69230769231,60.0,11.123076923076923,35.61923076923079,10.275102098354283,50.02498701481532,10.43807011651997,15.538461538461538,29.623076923076926,40.30769230769231,10.5,0.39285000000000003
78997333477962.0,42196.447002997,60.0,11.512014652014653,31.730610889110917,10.513579918808059,52.249459580960036,10.811109324094115,21.930727605727608,27.346247086247086,51.21293706293706,10.880069930069931,0.504307142857143
78997333479365.0,32633.722222222223,60.0,10.962962962962964,37.80407407407411,9.123887061184055,39.234109615811064,10.354703825550692,16.59259259259259,28.64074074074074,55.55555555555556,10.277777777777779,0.23915
79014513347505.0,27211.07619047619,60.0,11.296190476190477,30.164285714285747,10.104891522492673,48.865810252714155,10.622531041357629,13.933333333333334,26.758333333333333,45.159523809523805,10.707142857142856,0.593475
79027398249751.0,23287.277777777777,60.0,11.227777777777778,33.386666666666706,9.77257032783304,45.49675651773788,10.576273089255576,12.61111111111111,29.966666666666665,58.333333333333336,10.61111111111111,0.64065
79027398249798.0,28677.714285714286,60.0,11.076190476190476,35.37476190476194,9.691526166186662,45.0225980072197,10.430088731778032,14.952380952380953,30.009523809523813,55.19047619047619,10.404761904761905,0.53075
79035988184048.0,30220.228205128205,60.0,11.185384615384615,28.68189743589746,10.080209952251746,48.247457345520615,10.513370618567834,14.976923076923077,27.4174358974359,48.361538461538466,10.57948717948718,0.6285200000000001
79066052954684.0,40655.1240981241,60.0,11.381725990059323,32.225829886163254,10.779553759606872,52.42707898861164,10.663089072752198,21.331898348565016,26.743172198172196,51.2239137405804,10.735513868847201,0.46627222222222225
79121887530410.0,27975.562104743083,60.0,11.192056277056277,32.12162902315079,10.114537672846541,43.99841607041057,10.517753765533174,14.260271974402409,27.869504281949936,66.03869753434971,10.582406361754188,0.5966375
79126182497599.0,28712.545454545456,60.0,11.159090909090908,34.330909090909124,9.99879390157751,45.153561805159406,10.492504648985742,15.090909090909092,28.677272727272726,57.59090909090909,10.590909090909092,0.6734
79134772431911.0,30673.153846153848,60.0,11.215384615384616,28.122307692307725,10.34114138495582,47.73720954653648,10.525975189720896,16.46153846153846,26.623076923076926,46.84615384615385,10.423076923076923,0.7295499999999999
79177722103831.0,30673.709812843408,60.0,11.463265224358974,27.241390510531165,11.985977515273426,57.67370283905196,10.664200056674078,16.094408195970697,25.430199461996338,51.457194368131866,10.78610347985348,0.6415968750000001
79194901973442.0,39661.98412698413,60.0,11.404910714285714,28.219375000000028,11.372550409797329,53.634022879836486,10.646740686965892,20.13740079365079,28.87797619047619,51.22718253968254,10.831845238095239,0.558875
79212081843434.0,30977.81818181818,60.0,11.15,28.72000000000003,10.096162832180552,45.82446923145877,10.47692247785463,15.590909090909092,28.10909090909091,57.86363636363637,10.545454545454545,0.70645
79229261712077.0,41329.482142857145,60.0,11.228571428571428,34.88035714285717,10.977272282139353,50.98727551422736,10.496753276428803,20.857142857142858,29.48348214285714,40.88839285714286,10.53125,0.412675
79246441581341.0,27364.416666666668,60.0,11.372222222222222,32.35222222222225,10.994212407041394,50.26834691390818,10.639274728419464,14.833333333333334,27.183333333333334,47.833333333333336,10.694444444444445,0.6143666666666667
79267916418402.0,30710.184210526317,60.0,11.06842105263158,36.689473684210554,10.322034136941802,44.7766897318748,10.380285443502126,15.947368421052632,30.439473684210526,52.78947368421053,10.394736842105264,0.5118750000000001
79285096287073.0,26787.837595737594,60.0,11.196278166278166,34.43725592925596,11.033584358300013,49.45074525518143,10.460705875724832,14.086302586302587,27.593829503829504,43.93160543160543,10.502497502497501,0.5370071428571429
79310866091294.0,26709.947368421053,60.0,11.178947368421053,34.62473684210529,10.68733261344219,45.424991745383714,10.466458527524907,14.263157894736842,33.82631578947369,40.89473684210526,10.5,0.52195
79310866091475.0,27428.52067669173,60.0,11.080451127819549,35.86056390977447,10.523786164104962,43.70300062561978,10.378865383545886,13.904135338345863,35.53477443609023,45.330827067669176,10.385338345864662,0.5370750000000001
79315161058790.0,31105.041666666668,60.0,10.995833333333332,33.999166666666696,10.314310973917234,43.557881411385914,10.308212601738852,15.583333333333334,32.74583333333333,53.875,10.375,0.2686
79366700666222.0,28879.190476190477,60.0,11.142857142857142,34.614761904761934,10.61579079614071,44.67826622387262,10.435137756447764,14.904761904761905,30.24761904761905,55.095238095238095,10.357142857142858,0.56795
79366700666312.0,29308.5,60.0,11.100000000000001,36.022222222222254,10.508214983226328,43.8349922463523,10.399452334451578,14.833333333333334,29.71111111111111,57.0,10.333333333333334,0.42685
79375290600020.0,36451.31353535353,60.0,11.448363636363636,32.23726868686872,11.639438086733538,52.14257040590644,10.672401097248066,19.048080808080808,27.15968181818182,46.43909090909091,10.867272727272727,0.46559000000000006
79383880534415.0,34175.02575757576,60.0,11.43818181818182,28.53236363636367,12.080005297195886,54.10342798863169,10.632848131702094,17.509090909090908,24.686060606060604,55.248051948051945,10.663203463203462,0.5024900000000001
79388175502614.0,27838.947351651186,60.0,11.100660087719298,35.1719561403509,10.96915092139071,45.45807426200933,10.369383359626584,14.83889963880289,30.837120048424232,48.360128006668255,10.32531455902199,0.5251300000000001
79413945305304.0,35157.15592785899,60.0,11.458670898262735,27.992301090066427,12.35409408107568,55.65618953476577,10.635064626191024,17.696492623023236,24.324737943462434,59.222823831497294,10.715620773784039,0.5528877551020408
79418240273112.0,35251.177777777775,60.0,11.275092592592593,32.32431481481485,11.584673191235538,50.89813696939371,10.502781046510222,17.441666666666666,28.416666666666668,42.044444444444444,10.612037037037036,0.5721833333333334
79456894979000.0,28728.423076923078,60.0,11.053846153846154,30.9892307692308,11.455109551026615,48.75951643135264,10.290172183777711,14.76923076923077,26.45769230769231,48.07692307692308,10.307692307692308,0.510675
79465484913471.0,26712.82070707071,60.0,11.221464646464646,33.626515151515186,11.590973901024052,49.925749720870876,10.448733053063043,14.219696969696969,27.703787878787878,42.27020202020202,10.56060606060606,0.5518833333333334
79474074847114.0,33450.72268518518,60.0,11.586898148148146,23.657777777777806,13.5221050352132,59.39928232749072,10.685424479133934,17.127314814814813,24.283194444444444,57.03935185185185,10.741666666666667,0.695
79474074848470.0,32114.56676065163,60.0,11.140664160401002,31.5294479949875,11.13815330382189,46.06000675252862,10.398120606812876,16.265538847117796,30.209837092731828,48.778822055137844,10.360275689223059,0.54575
79478369814674.0,28704.180952380953,60.0,11.665555555555557,26.845936507936543,12.83101274481191,56.6710601253918,10.81015470590143,14.626984126984127,24.254871794871793,58.54358974358974,10.894871794871795,0.5566833333333334
79478369814733.0,31786.847494553378,60.0,11.368627450980393,25.875315904139466,12.738470047915712,56.08781862580319,10.519396114452677,15.995642701525055,22.58888888888889,60.093681917211335,10.558823529411764,0.4872166666666667
79482664783221.0,29610.6,60.0,11.084999999999999,34.727000000000025,10.899322736624065,44.6289485662215,10.358378484225064,15.35,29.875,51.0,10.3,0.6365000000000001
79495549685187.0,30283.090314327485,60.0,11.087547514619883,37.48067251461991,11.118057250149272,43.8291703325394,10.346343697943265,15.313706140350877,30.844289645682835,46.49079377364981,10.313577141382869,0.43333750000000004
79499844651676.0,35557.3,60.0,11.152000000000001,35.01116363636366,11.960924111743404,51.50026276194367,10.354605059217107,18.12727272727273,27.54836363636364,46.11818181818182,10.459999999999999,0.33171
79508434586608.0,29656.50700536837,60.0,11.009369452096724,31.378931953568348,11.57815425574395,48.16650855458707,10.237492501713795,14.626036589672953,27.468397671352214,50.70934343434343,10.191369405005767,0.5758348484848486
79512729554301.0,29549.0,60.0,11.095,33.99700000000003,10.987925074556031,44.483497148959145,10.362471661696265,15.25,33.16111111111111,39.72222222222222,10.333333333333334,0.62845
79542794325166.0,30101.823529411766,60.0,11.1,28.720588235294148,11.298340935290618,46.48583418150376,10.346777270980628,15.176470588235293,27.41764705882353,52.88235294117647,10.382352941176471,0.6691
79559974194266.0,30545.26422969188,60.0,10.901579831932773,30.47741708683476,11.472946847060609,47.27086248924375,10.1367167087954,16.070476190476192,27.804766615737208,50.24837980646804,10.129520626432392,0.6571
79572859095772.0,32408.903846153844,60.0,11.288846153846155,32.15092307692311,12.08697977715358,50.85372878200245,10.483047502035916,15.923076923076923,27.760384615384616,45.81153846153846,10.538461538461538,0.51555
79585743997581.0,41891.86111111111,60.0,11.069444444444445,34.19472222222225,12.300254121438844,51.6658938410234,10.249427503015188,21.40277777777778,27.461616161616163,55.18181818181818,10.252525252525253,0.36715000000000003
79598628900093.0,25021.069264705882,60.0,11.03431862745098,34.22754313725493,11.46178482530362,45.59540164306242,10.270199639097404,12.285,29.936416666666666,51.53299019607844,10.282107843137254,0.55915
79607218833655.0,29436.129101107224,60.0,11.327341928904428,28.51793881118884,13.04534649718912,55.57338458559091,10.457652162425155,14.73934294871795,24.57248688811189,52.42748397435897,10.47235576923077,0.49600625000000004
79632988638584.0,30132.61111111111,60.0,11.066666666666666,36.39833333333337,11.350973934574965,44.51311895725719,10.309935071028336,15.666666666666668,32.74722222222222,42.41666666666667,10.25,0.37239999999999995
79637283605159.0,36748.684116676974,60.0,11.237037037037037,34.05655565862712,12.419478274164627,51.34409251510142,10.409071818759395,18.672155225726655,27.229492544492544,44.634283309283305,10.466798941798942,0.5095357142857143
79663053409112.0,24683.76923076923,60.0,11.053846153846154,32.80230769230772,12.102686960614344,49.67072035432114,10.247000356471862,12.923076923076923,24.558333333333334,42.25,10.25,0.51505
79671643343900.0,34595.54962814962,60.0,11.03259768009768,29.36820546120549,12.07228480963195,47.858288791469576,10.227778692788885,18.639740814740815,28.27685064935065,54.357700632700634,10.219721944721945,0.6843857142857143
79675938311064.0,28140.913419913417,60.0,11.20900432900433,32.85525974025977,12.080687667059951,49.0258152202933,10.403625151200332,14.493290043290044,28.73212121212121,46.140043290043295,10.396969696969697,0.48392857142857143
79710298049261.0,36250.11481481481,60.0,11.326666666666668,32.13718518518521,12.506024541834668,50.72286011155188,10.492931697211022,18.0962962962963,26.595185185185187,45.61851851851852,10.603703703703703,0.44293333333333335
79744657788227.0,28984.25,60.0,11.2625,34.356250000000024,11.834329341015865,45.08171230988523,10.473544710598944,15.25,30.41875,61.1875,10.5,0.5601
79757542689516.0,33784.0,60.0,11.327272727272726,31.144545454545483,12.721623564135792,50.75122742608688,10.479164489663676,16.727272727272727,24.60909090909091,49.72727272727273,10.590909090909092,0.50315
79774722558524.0,38566.48493173493,60.0,11.188261738261739,28.21935730935734,13.039765772967124,52.400172418958235,10.31894402006393,20.255244755244753,27.482242757242755,50.340909090909086,10.358641358641359,0.5553
79800492362996.0,29273.607764612156,60.0,11.252366508999408,33.41540306682333,12.016693459098702,45.57117497981895,10.45125361172616,14.540326686759485,30.431628840033273,55.12526798764278,10.441535816517604,0.5725529411764706
79813377263653.0,32870.46666666667,60.0,11.393333333333334,24.812666666666697,14.14149498067508,57.80400028007799,10.450567001288329,17.266666666666666,22.0,64.07142857142857,10.5,0.68455
79821967198940.0,35753.5466540404,60.0,11.252784090909092,32.85735479797983,12.901711606218417,50.843503505899264,10.392669983827862,18.003977272727273,26.17818813131313,46.00044191919192,10.483585858585858,0.5624875
79847737002532.0,36657.125592152945,60.0,11.271250892897951,31.010352547452577,13.429076681008933,52.50522683880266,10.375979114164023,19.343552852376384,26.590907556495793,50.59857730504789,10.46724301841949,0.5659876470588235
79869211839405.0,27906.4,60.0,11.193333333333333,29.35400000000003,12.644168978837437,48.89228170611794,10.35038873474417,14.333333333333334,24.113333333333333,51.13333333333333,10.366666666666667,0.58445
79907866545381.0,28361.257936507936,60.0,11.206111111111111,32.732253968254,12.336370610421229,45.935536520498,10.383686403749696,14.319841269841271,29.237341269841274,55.0,10.295634920634921,0.6197100000000001
79946521251241.0,30958.212719298244,60.0,11.216008771929824,35.761052631578984,12.380031155202536,44.09465015979551,10.390673361582989,15.611842105263158,29.85515350877193,54.1063596491228,10.322368421052632,0.4961333333333333
79950816218502.0,31648.473684210527,60.0,11.11578947368421,35.592105263157926,12.2009075795186,44.40354100796981,10.302395635049638,16.31578947368421,30.13684210526316,53.68421052631579,10.236842105263158,0.5293
79963701118864.0,37978.854545454546,60.0,11.59590909090909,28.55390909090912,15.202714210834142,59.28372843960821,10.582394810186816,19.295454545454547,26.485,47.96818181818182,10.554545454545455,0.568975
79967996087221.0,28745.073809523812,60.0,11.05595238095238,29.50052380952384,12.909050729164754,48.796413263019375,10.195348999008065,14.735714285714286,26.557380952380953,51.90714285714286,10.185714285714287,0.6572500000000001
79980880988741.0,34010.769230769234,60.0,11.184615384615386,28.042307692307716,13.607852062103946,52.34951639397664,10.277425247141789,17.76923076923077,25.411538461538463,60.19230769230769,10.346153846153847,0.6627499999999998
79989470924190.0,31615.294736842105,60.0,11.129736842105263,33.9500263157895,12.454599215752294,44.04005738559817,10.299430227721777,16.028947368421054,30.489473684210527,52.15789473684211,10.263157894736842,0.526875
80019535694877.0,30294.112310606062,60.0,11.036944444444444,28.48594191919195,13.001639503438506,47.81905523159722,10.170168477548543,16.591161616161617,28.091031746031746,50.41525974025974,10.133874458874459,0.6982375000000001
80028125629122.0,33828.24225861857,60.0,11.15714513556619,32.872826278984206,13.734095784233816,51.06329104200549,10.2415387499506,16.797024904919642,26.605088946141578,46.43311250153356,10.239731321310268,0.5255236842105263
80036715563133.0,36388.3782051282,60.0,11.429914529914532,22.200213675213703,14.807874933038178,56.89615703293677,10.442722867711984,18.615384615384613,22.229914529914527,56.491452991452995,10.551282051282051,0.5970833333333333
80045305499165.0,30161.803571428572,60.0,11.023755411255411,36.65163961038964,12.328712104361935,43.09731089655285,10.201841270964616,16.049025974025973,29.13281385281385,47.58961038961039,10.191287878787879,0.45825000000000005
80058190400335.0,26279.846153846152,60.0,11.323076923076922,32.10384615384618,13.41286003213781,49.6967481271701,10.428886254267734,13.923076923076923,30.338461538461537,39.15384615384615,10.5,0.5347500000000001
80058190401169.0,30956.49145935054,60.0,10.986293323258156,38.58611491126098,12.446567063254728,41.895432667988636,10.156522185707841,15.835054832209565,31.657120170805996,46.24124635874737,10.096339605116022,0.40610588235294115
80088255171325.0,30396.69230769231,60.0,11.323076923076922,32.12230769230773,13.64524162443709,50.51448037385627,10.41339414811445,15.076923076923077,23.784615384615385,48.53846153846154,10.5,0.47959999999999997
80135499812439.0,31209.043478260868,60.0,10.995652173913044,38.359565217391335,12.64670620733685,42.55262166989708,10.152538426757252,16.217391304347824,29.099999999999998,42.52173913043478,10.108695652173912,0.42495
80161269614568.0,35509.082417582424,60.0,11.497802197802198,27.924395604395635,15.68887885093871,58.40223996605987,10.45187694107295,17.582417582417584,25.55320512820513,57.91666666666667,10.512820512820513,0.5740500000000001
80169859550908.0,29949.291666666668,60.0,10.987499999999999,38.1591666666667,12.492399015382354,41.65681948196717,10.154673398974511,15.125,32.67272727272727,52.18181818181818,10.090909090909092,0.38065
80260053863040.0,40112.131944444445,60.0,11.093055555555555,34.86375000000004,14.315241623672076,51.74972494082819,10.138706113977417,20.51388888888889,27.60625,43.28472222222222,10.26388888888889,0.48477500000000007
80268643796586.0,33067.3125,60.0,11.83125,23.988750000000035,17.340360435295032,62.41744865738785,10.675225970980332,17.25,21.6375,60.25,10.75,0.5680000000000001
80272938765097.0,30880.0,60.0,11.172727272727274,34.0027272727273,14.12659266495447,50.134805755559576,10.230954428396974,16.363636363636363,27.29090909090909,43.81818181818182,10.227272727272727,0.5488500000000001
80272938765781.0,31111.300324675325,60.0,11.146969696969697,34.69825757575761,13.50464170912089,43.59287309212756,10.246660249694973,15.637987012987011,29.052597402597403,58.91450216450217,10.194264069264069,0.48153749999999995
80277233733330.0,30844.863636363636,60.0,11.027272727272727,38.9427272727273,12.867418332179255,41.48196029325733,10.169444838460777,15.545454545454545,32.127272727272725,55.63636363636363,10.090909090909092,0.4948
80298708569329.0,29459.75,60.0,11.129999999999999,33.54700000000003,13.498291949220782,45.89387513935565,10.230113870051948,14.7,31.089999999999996,42.2,10.25,0.66
80311593472103.0,30223.82608695652,60.0,10.92608695652174,38.31521739130438,12.507595631772498,37.83468317760182,10.092247247736907,15.521739130434783,31.76086956521739,50.52173913043478,10.065217391304348,0.35150000000000003
80358838111464.0,29319.5,60.0,11.108333333333334,33.817222222222256,13.542624331894142,45.93438161332516,10.205491711207056,14.583333333333332,30.13715277777778,50.576388888888886,10.086805555555555,0.637
80384607914792.0,29762.159138336414,60.0,11.15540713074804,33.819234008415854,14.487547774342392,50.06556746932503,10.189570612458546,15.91982953914772,27.259643235552325,44.3998285805104,10.256476730340367,0.45285
80388902881036.0,32205.473684210527,60.0,11.668421052631578,24.2426315789474,17.237917047693166,60.664758856421464,10.519226582785368,17.105263157894736,21.01578947368421,64.05263157894737,10.5,0.73975
80397492817056.0,35682.016161616164,60.0,11.126291486291487,28.42264646464649,13.818667955341743,46.61966666778784,10.205046955935371,18.04704184704185,27.096103896103898,54.837662337662344,10.116883116883116,0.6627500000000001
80406082751482.0,32999.46367521368,60.0,11.069871794871794,34.66933760683764,14.068124931941684,48.18313005645019,10.131996799409016,16.403846153846153,30.260256410256407,47.172008547008545,10.107905982905983,0.5094333333333333
80414672686343.0,27077.095238095237,60.0,11.195238095238095,32.36904761904765,13.813693084933115,45.64387117969315,10.27432522290922,14.476190476190476,27.763157894736842,50.94736842105263,10.18421052631579,0.5648
80440442489835.0,31147.255677655678,60.0,11.060338827838828,33.04779670329673,14.31375451347075,48.25296255168119,10.106088526940779,15.692582417582418,29.275897435897434,44.815384615384616,10.034615384615385,0.5213875
80470507260835.0,30621.25,60.0,11.058333333333332,31.773333333333362,14.45989932094691,48.95508368535468,10.094340045270204,15.75,25.4125,55.791666666666664,10.083333333333334,0.4856250000000001
80534931770526.0,34024.0,60.0,11.2625,30.320000000000036,14.27851423784537,46.59640651032604,10.310599050810309,17.375,27.0875,54.75,10.25,0.63275
80595061311323.0,33457.85077614379,60.0,11.454109477124183,26.748882352941212,17.653716329990853,59.84646179026851,10.277195055124793,17.568055555555556,25.090717203548085,49.684628851540616,10.368306489262372,0.6056583333333333
80659485820828.0,38815.0,60.0,11.1625,26.27125000000003,17.626973614606317,59.2040420742326,9.987368425692912,19.8125,32.20625,32.3125,10.0625,0.48605000000000004
80672370724045.0,31791.469120718462,60.0,11.091001461988304,28.82478696741858,14.493629299045491,46.106671468007995,10.124759508718604,16.099592731829574,27.100383679787704,62.83940181335693,10.102797434763378,0.73762
80689550593627.0,30976.08008658009,60.0,11.092135642135643,34.69202020202024,14.149812690506776,42.50972660412993,10.148814796101858,16.205627705627705,28.961616161616163,62.08080808080808,10.077922077922077,0.4131
80745385166717.0,36142.93047339645,60.0,11.42618680838495,25.552025243901436,18.051927391194646,59.3185062341446,10.222724982305309,18.652065112436627,24.80112339391751,51.612635063873455,10.254364193063884,0.5814486486486486
80822694579962.0,30581.323988692468,60.0,10.960442745660137,37.351778149386874,14.558523488496501,40.80898116860855,9.989874513093703,15.263517279821627,31.075370680044593,51.32304706163402,10.027749243510112,0.41063
80861349284971.0,33383.36282051282,60.0,11.068605006105008,32.66702258852262,15.426621281581346,47.06961523231984,10.040163587332916,17.080738705738707,27.65330484330484,53.764865689865694,9.979039479039479,0.6505500000000001
81007378173093.0,28855.25,60.0,11.135,32.674000000000035,15.63012573545851,46.56203130030504,10.092991617636098,14.65,26.978947368421053,51.10526315789474,10.026315789473685,0.40869999999999995
81028853008952.0,39139.006764069265,60.0,11.200012025012024,31.689071669071698,16.950727157978964,52.40700163839066,10.069963547813428,20.09514790764791,25.052579365079364,52.5515873015873,10.15268759018759,0.44455
81033147977483.0,29699.96,60.0,10.972000000000001,31.80440000000003,14.796973917329518,40.94226637455668,9.985535072178031,15.76,28.728,49.44,10.02,0.7314
81114752355304.0,31448.72092363655,60.0,11.057728937728937,34.54444681013434,16.361035568716545,48.163655304191025,9.966993233147836,15.862375356125357,28.144322217134718,47.93518645706146,9.922203144078145,0.44525694444444447
81123342289946.0,29637.61858974359,60.0,11.030631868131868,35.88224358974362,16.236449771650282,47.83229207307437,9.948201883355182,16.060439560439562,29.384363553113552,46.401785714285715,9.911630036630036,0.42655
81140522158983.0,32451.41628787879,60.0,11.059166666666666,33.05645075757579,16.62815392981392,49.20664052695904,9.950623071345738,16.464204545454546,26.104848484848485,49.957765151515154,9.859280303030303,0.48026875
81144817126081.0,34610.7591540404,60.0,11.148895202020203,32.87459595959599,16.965924145960866,51.10368647849152,10.017833592289477,17.241792929292927,27.121313131313133,49.01628787878788,10.115530303030303,0.5229374999999999
81213536603373.0,31521.75,60.0,11.1375,35.38500000000003,15.90859213714515,45.79260895443189,10.07692719085699,15.625,27.7625,51.5,10.0,0.39339999999999997
81226421504352.0,34394.743927640986,60.0,11.158456372059312,24.57838543809135,18.513082831621297,54.431008044096245,9.924250849951227,18.010885560517913,22.571163670887938,60.879499265712504,9.925586382571677,0.6100333333333333
81282256079964.0,32344.53846153846,60.0,11.153846153846153,33.73307692307695,16.61087825755761,47.226566671199016,10.046454270008981,17.0,28.983333333333334,34.166666666666664,10.0,0.53735
81363860459622.0,30827.2094928928,60.0,10.863511094524888,40.30786510689824,15.076298250058844,37.57087384107785,9.858424544520965,15.92312534209086,31.444403111575525,43.601725763380934,9.873950539881573,0.34251
81402515164153.0,29476.666666666668,60.0,11.133333333333333,32.72466666666669,17.236079898059142,48.103087706173824,9.98426134012939,14.733333333333333,32.20666666666667,41.93333333333333,9.966666666666667,0.4031
81441169870906.0,31564.791666666668,60.0,10.862499999999999,33.586666666666694,15.482163844303065,38.10182792171376,9.83035574371313,16.375,30.891666666666666,56.333333333333336,9.875,0.5713
81462644706033.0,33688.85833333333,60.0,11.158333333333333,32.06050000000003,17.95317134874431,50.674241046399146,9.961455243417046,16.616666666666667,26.821666666666665,49.65,10.070833333333333,0.375325
81527069216485.0,30551.156153846154,60.0,11.017615384615384,38.36561538461541,16.284871149989655,41.2706903148956,9.931957307949407,15.41076923076923,32.0956923076923,42.31769230769231,9.991538461538461,0.285825
81574313854658.0,35800.117647058825,60.0,11.68235294117647,26.250000000000032,21.85208334027262,61.47767081486887,10.225547385158295,18.058823529411764,23.929411764705883,56.1764705882353,10.205882352941176,0.6991
81612968561457.0,26317.69230769231,60.0,11.246153846153845,30.32692307692311,18.23148948532092,50.1013179066482,10.030721213799117,13.846153846153847,25.638461538461538,57.69230769230769,10.038461538461538,0.47955000000000003
81612968561708.0,25187.1875,60.0,11.2625,31.66125000000003,17.677950057849316,47.71397763004802,10.083969996143379,13.375,28.28666666666667,45.46666666666667,10.033333333333333,0.78385
81634443399094.0,31212.268376068376,60.0,10.928660968660969,37.63113960113962,16.239094464485085,39.33215187067317,9.84605467102863,15.855555555555558,30.67757834757835,41.19031339031339,9.924216524216524,0.44461000000000006
81668803136430.0,31980.263636363634,60.0,11.087272727272728,31.526909090909122,18.06548161220219,48.885216260498765,9.882907286459247,16.03636363636364,27.463181818181816,44.11363636363636,9.931818181818182,0.613575
81681688038235.0,34095.7,60.0,10.972857142857142,30.559714285714314,18.346824134068303,49.674200682693375,9.749735533919257,17.542857142857144,25.39,50.57142857142857,9.757142857142856,0.5964750000000001
81711752809262.0,30353.916402116403,60.0,11.107473544973546,30.56674747474751,18.426763925020445,49.85305993277596,9.87902261663885,15.930483405483406,26.54663700497034,50.79767115600449,9.845574795574796,0.6042333333333334
81801947121440.0,33070.055555555555,60.0,11.488888888888889,27.53000000000003,22.22723197100008,60.46576701281039,10.00707342415555,17.555555555555557,24.62777777777778,50.72222222222222,10.11111111111111,0.62025
81810537057032.0,29503.042857142857,60.0,11.128039579468151,31.161501546073005,18.865355159169308,50.25978735092888,9.87034923552353,15.533292104720676,26.84999793856937,52.67169655741084,9.938713667285096,0.5405785714285715
81857781697419.0,28598.5,60.0,11.0,28.83000000000003,18.793550254905668,49.22032885241786,9.747096649672956,14.666666666666666,25.008333333333336,65.75,9.833333333333334,0.5896
81887846467923.0,35569.25,60.0,11.41875,25.818750000000037,20.471242435254148,54.72185179553198,10.05400050431639,18.3125,21.466666666666665,63.93333333333333,10.1,0.5625
81905026337891.0,30108.235294117647,60.0,11.176470588235293,34.15470588235297,18.45725823075794,47.20370040099695,9.945986706184765,15.647058823529411,30.099999999999998,46.0,9.852941176470589,0.54555
81917911240508.0,31895.46153846154,60.0,10.926923076923078,36.456923076923104,17.274976636548356,40.45895778867684,9.775257967819853,16.653846153846153,31.903846153846153,42.11538461538461,9.846153846153847,0.2584
81922206206873.0,30510.090909090908,60.0,11.0,31.08454545454548,18.919337036522325,49.11547309114607,9.738710864231845,15.272727272727273,22.336363636363636,52.72727272727273,9.681818181818182,0.6285000000000001
82008105551224.0,31640.22947124756,60.0,11.972887641898865,22.20207208175671,25.51996224597858,65.05019481728091,10.271556825500292,16.545665634674922,21.554135850246528,52.522832817337466,10.230596405228757,0.6886000000000001
82016695486703.0,31717.647660818715,60.0,11.392397660818713,23.98842105263161,21.13515130245013,55.71876855894983,9.983387573988706,16.07017543859649,22.449561403508774,58.46052631578947,10.011695906432749,0.481575
82051055224512.0,36641.962200956936,60.0,11.57181818181818,24.802557416267973,23.67858575575196,61.49342927799174,9.993245798101384,18.75705741626794,24.421212121212122,49.253661616161615,10.05770202020202,0.625625
82085414964260.0,31243.4662753698,60.0,11.044038520866437,32.50326033766336,19.109309109613626,47.452807090436366,9.770084580225529,16.46307442080146,27.495465271790092,53.95237111768329,9.76234910409317,0.5552333333333334
82184199211822.0,29165.322916666668,60.0,11.12263888888889,30.17908333333336,19.927738214703314,50.07987297490692,9.794123007908668,15.011805555555554,27.630694444444444,57.2125,9.776388888888889,0.612975
82295868361279.0,33125.5495451444,60.0,11.121536147675853,29.2943452225879,21.02823818055384,52.22656714416497,9.719653602305597,17.35615883299707,25.38924186924187,51.56182906146141,9.732009861053978,0.5428923076923078
82334523066097.0,36008.85,60.0,11.434999999999999,24.497000000000035,24.445500972057804,61.00757900451142,9.805299935196148,18.25,26.905,44.55,9.85,0.6929000000000001
82360292871297.0,30284.277777777777,60.0,11.144444444444444,34.86500000000002,19.69665199126006,46.92294202136885,9.831334311693773,15.722222222222221,33.27777777777778,39.611111111111114,9.777777777777779,0.49035
82613695940392.0,35159.665419820456,60.0,11.440134121535722,27.165652760664237,24.953774125996297,60.24311750549723,9.776549179802636,18.661225038627784,24.826885806719567,47.49766769290595,9.86105037948994,0.5889152173913044
82626580843522.0,28479.529411764706,60.0,11.200000000000001,31.093529411764735,20.787303517922396,48.06880167817387,9.81417976547184,15.0,27.294117647058822,55.23529411764706,9.794117647058824,0.59795
82656645613439.0,33669.65605419799,60.0,11.605200501253133,26.00538612155392,24.711631270680087,59.40832910034465,9.957758416541125,17.41937656641604,21.30610119047619,59.17802579365079,10.021825396825397,0.612075
82738249993149.0,30607.152014652016,60.0,11.154945054945054,29.41450549450553,21.22894477719181,48.71774803178502,9.739682069798935,15.35897435897436,27.55879120879121,52.91941391941392,9.673992673992673,0.5863833333333334
82742544959599.0,30953.919730392157,60.0,11.27968137254902,25.380584558823557,24.037517750723296,56.924012294034135,9.677180189167466,16.23455882352941,23.87868778280543,57.89091790562379,9.705381383322559,0.61635
82875688946163.0,35086.41991341991,60.0,11.264069264069263,26.634069264069293,23.17135743704618,53.16633303857986,9.71931210159952,17.935064935064936,22.57835497835498,61.3939393939394,9.668831168831169,0.6818833333333334
82927228553908.0,33829.763636363634,60.0,11.320454545454545,29.978818181818212,22.562690143250816,51.247683671422806,9.816275202571157,17.377272727272725,25.167727272727273,51.75454545454545,9.736363636363636,0.48124999999999996
82970178226416.0,34768.871212121216,60.0,11.300378787878788,29.400378787878815,24.35930208959364,55.72363343819913,9.67642531523921,17.784090909090907,25.872727272727275,60.48863636363637,9.71590909090909,0.58855
82974473194513.0,27416.186813186814,60.0,11.20357142857143,32.20043956043959,21.765793046236872,47.947239894805364,9.752518558822302,14.755494505494505,27.316071428571426,53.035714285714285,9.654761904761905,0.628425
83073257442412.0,28372.105263157893,60.0,11.11578947368421,34.41842105263161,21.9393925388991,47.07213462441503,9.65316330442427,14.736842105263158,26.436842105263157,56.31578947368421,9.657894736842104,0.4288
83090437311434.0,31938.5,60.0,11.2,28.722500000000032,22.26424696884473,48.60960591303686,9.715716868743684,16.0,25.20625,59.0625,9.6875,0.6453500000000001
83103322212126.0,37378.25,60.0,11.858333333333334,25.673333333333364,26.879871387468672,60.49566528537374,10.066341907502087,19.75,27.266666666666666,50.75,10.0,0.6860500000000002
83176336656993.0,35788.71428571428,60.0,11.142857142857142,28.49428571428575,23.69849898628139,52.0927078461066,9.562957210438384,18.714285714285715,22.599999999999998,53.5,9.5,0.4506
83339545413610.0,33735.53846153846,60.0,11.584615384615384,26.080769230769256,26.72526097664254,58.406228631952175,9.802931319505882,16.923076923076923,22.607692307692307,53.84615384615385,9.884615384615385,0.6496000000000001
83361020251171.0,28063.634615384617,60.0,11.12967032967033,29.585824175824207,22.888831023850372,47.79687454818212,9.603748261413639,14.892857142857142,25.345054945054944,61.980769230769226,9.5,0.6415500000000001
83382495086930.0,33267.015384615384,60.0,11.424102564102563,26.783435897435925,25.248491430661286,54.67922724856209,9.740869802058478,17.646153846153847,25.531794871794872,49.36923076923077,9.843589743589744,0.5679500000000001
83696027700367.0,28713.88888888889,60.0,10.977777777777778,29.281111111111134,23.506227007957857,46.73941434021111,9.410695977247254,14.777777777777779,25.33888888888889,54.05555555555556,9.38888888888889,0.6633
83880711294874.0,30011.615384615383,60.0,11.026923076923076,40.79692307692311,22.423004343650568,39.62525304201722,9.532056120679705,15.346153846153847,33.196,40.64,9.54,0.2592
83962315673151.0,29279.51534391534,60.0,11.06320105820106,32.45988888888892,23.30823994845082,42.660141000864776,9.509318394971004,15.212433862433864,28.950000000000003,44.800000000000004,9.516666666666667,0.54075
83970905607576.0,31731.92,60.0,11.095999999999998,34.81080000000002,23.816562604873475,44.33528108904366,9.508229159675102,16.2,28.936,51.24,9.54,0.52095
83975200575271.0,31425.465675057207,60.0,11.163386727688787,37.56102974828378,22.935210133907262,40.6478698343566,9.634372718761636,16.524027459954233,32.452870813397126,46.3755980861244,9.669856459330143,0.20585
84473416781061.0,31028.85,60.0,11.14,31.827000000000034,25.623903148350895,45.680368921815614,9.43173979010994,16.6,23.755000000000003,61.6,9.4,0.53525
84512071487110.0,29245.916666666668,60.0,11.054166666666667,34.17333333333337,24.73487433492117,42.15490552873813,9.40517504433859,15.125,28.40833333333333,51.833333333333336,9.375,0.4597
84516366454857.0,30970.005788118335,60.0,10.98876991256438,37.73595867768598,23.73528656997232,38.00606305137149,9.406417474566224,16.114408911246855,31.6845549937546,39.67626234108448,9.466858306383998,0.24351363636363638
84761179590015.0,33129.09912280702,60.0,11.082217348927875,34.30486452241718,26.09276796273511,44.44437671223377,9.342699484745536,17.12558479532164,30.41774366471735,47.52714424951267,9.255458089668616,0.44822500000000004
85203561222536.0,32318.75925925926,60.0,10.887420178799488,36.26583652618139,25.123848408464838,35.326849072335435,9.2124969515685,16.537037037037038,29.70185185185185,52.39910600255428,9.196679438058748,0.18845
85345295142173.0,29338.17391304348,60.0,10.97391304347826,32.88565217391307,28.02981112173762,45.47539742369186,9.105258968695752,15.652173913043478,30.09130434782609,48.56521739130435,9.152173913043478,0.4150000000000001
86023899975397.0,30499.095238095237,60.0,10.942857142857143,36.36428571428574,29.934311018068563,40.764905630155866,8.947236408319238,15.238095238095237,28.12857142857143,57.23809523809524,8.976190476190476,0.2777
88381837021587.0,31737.33620689655,60.0,10.954187192118226,45.36831280788181,33.32212196162617,35.12303694048558,8.732712394676481,16.21182266009852,32.02395320197044,41.341748768472904,8.798029556650246,0.2156
