Cluster_ID,Unnamed: 0,Perc,View_time,LST,Lon,Lat,MODIS_Time,Day,Temp,RH,Sensor_Time,NDVI,Prec
72331544236022.0,34684.507252131625,40.0,13.184100101579093,34.44364182596119,-9.358066308222309,38.72891066584542,13.807971188793914,20.149979991996798,24.92354214762828,62.859710037861305,13.963228368270384,0.33605,0.0044580309518745575
72593537240676.0,29339.00163398693,40.0,13.140849673202615,30.217156862745128,-8.73427310663922,42.17879070353091,13.723134546978564,17.591503267973856,25.679912173202617,60.88766339869281,13.716809640522875,0.4213875,0.0224687661975622
72597832208218.0,26298.882352941175,40.0,13.105882352941178,33.690000000000026,-8.391493090458727,40.21250773255394,13.665315225638425,15.941176470588236,29.276470588235295,49.8235294117647,13.735294117647058,0.44475,0.0079064797610044
72649371815616.0,28528.254804059783,40.0,13.09498055801268,32.32812186716795,-8.577414194106893,41.16773636022312,13.666808170953137,16.71170573492555,25.565926765443017,63.17548581932773,13.672777992776057,0.4740375,0.015450070146471213
72735271161345.0,26511.907322654464,40.0,13.170709382151031,27.93910755148745,-8.303769195434288,43.33658960340655,13.72429399517998,16.12471395881007,25.57013729977117,61.49313501144165,13.77116704805492,0.69975,0.02694588154554365
73083163513001.0,25672.880952380954,40.0,13.276190476190477,37.160476190476224,-6.9511454818820155,37.25434901190005,13.73960017498261,14.952380952380953,27.478571428571428,55.42857142857143,13.738095238095237,0.13805,0.0011138228001073
73388106191082.0,28343.74074074074,40.0,13.133333333333335,40.784814814814844,-6.1091468072629915,36.67893323466024,13.540609787150865,16.40740740740741,31.01851851851852,41.111111111111114,13.61111111111111,0.25915,0.0013035117881372
73413875994775.0,27529.48084045584,40.0,13.190094729344729,44.00941324786328,-5.996013839660752,37.382424427132385,13.589828985322113,16.226858974358972,30.87173444294497,45.967673564252514,13.584392712550606,0.20995,0.0017942023696377498
73632919326473.0,27682.090909090908,40.0,13.15,43.590909090909115,-5.677991867304256,40.97000198310912,13.528532791153618,16.954545454545453,34.98636363636364,24.772727272727273,13.5,0.2152,0.023233110085129696
73731703572950.0,30568.156746031746,40.0,12.778472222222222,25.771150793650822,-6.213172060963567,53.30354663823772,13.192683692953127,18.000992063492063,21.681597222222223,66.90178571428572,13.193452380952381,0.5077625,0.08055009320378301
73912092200825.0,27640.44510582011,40.0,13.152843915343915,43.785502645502675,-4.811294231950194,39.972376222623765,13.473596864140596,16.40277777777778,31.696825396825396,32.407407407407405,13.536375661375661,0.40114999999999995,0.0131104411557316
73933567037536.0,24230.660225442836,40.0,13.2,45.121320450885705,-4.802781808039166,37.89452208418854,13.520185453869278,14.599838969404185,30.46352657004831,44.751207729468604,13.55877616747182,0.240725,0.00492462050169705
73980811677372.0,27245.896739130432,40.0,13.121014492753623,43.18721014492756,-4.7330169425074775,41.63823617832693,13.436548955587456,15.847826086956522,30.741304347826087,33.335144927536234,13.520833333333332,0.22645,0.042035836726427
74122545598689.0,28318.08611348528,40.0,13.209930911680912,37.99493110161447,-4.769421786691319,36.56940582185146,13.527892364126998,16.392371794871796,30.596741452991452,52.75267094017094,13.54647435897436,0.31126666666666664,0.00157638373396665
74186970106847.0,21744.382352941175,40.0,12.895098039215686,29.87872549019611,-4.4359226461700665,48.39782313805396,13.190826215627025,12.372549019607844,26.059068627450984,51.377450980392155,13.227941176470587,0.6692,0.0407385807484388
74191265075076.0,27159.571428571428,40.0,13.067857142857141,45.8864285714286,-4.036454078297116,39.84759273874414,13.336954081410283,15.892857142857142,33.747368421052634,28.473684210526315,13.289473684210526,0.3769,0.0171776600182056
74298639257389.0,27223.365183394904,40.0,13.030378417255047,45.18807018683815,-3.762691805266809,40.46755281743488,13.28122453760617,16.400471126699387,31.826451161479422,28.648568479427176,13.273079735682995,0.256905,0.017357537406496665
74302934223885.0,18879.214285714286,40.0,13.049999999999999,32.26285714285717,-4.047039984197998,48.00547352501284,13.3198026656132,11.5,38.42857142857143,33.0,13.357142857142858,0.639,0.0332601405680179
74307229192366.0,28792.87400793651,40.0,13.161078042328043,43.16885582010585,-3.5936987869478427,37.161820435490526,13.400657961457899,16.84755291005291,32.08396428571429,32.121071428571426,13.416428571428572,0.2682375,0.00377995794406155
74521977556006.0,23591.38664799253,40.0,13.07095238095238,31.414063025210115,-3.391331403839308,47.735612073584086,13.297041141208336,14.239122315592905,26.66104808590103,53.44390756302521,13.304096638655462,0.6119875,0.029332717880606603
74620761804289.0,24655.368799603173,40.0,12.937797619047618,31.11237599206352,-2.9964724316803593,43.31135889487089,13.13756244782631,15.368055555555555,28.181795634920636,58.09573412698413,13.096478174603174,0.5769125,0.10315137170255177
74693776247432.0,30062.935064935067,40.0,12.80974025974026,24.869480519480554,-2.976788844855186,51.6540883709844,13.008192849397272,17.675324675324674,25.21883116883117,48.92207792207792,13.058441558441558,0.7277,0.06604801118373865
74728135986224.0,23118.840476190475,40.0,12.931666666666668,33.97583333333337,-2.7644977323522077,47.66608688473403,13.115966515490147,14.1,27.18559523809524,47.10595238095238,13.13452380952381,0.57125,0.028607671149075
74736725920168.0,21408.266666666666,40.0,12.906666666666666,26.45133333333336,-3.0007966449269383,53.803985975589626,13.106719776328463,12.666666666666666,21.92,60.93333333333333,13.166666666666666,0.6123999999999999,0.1537375748157501
74805445398115.0,26040.454545454544,40.0,13.131818181818181,40.11000000000003,-2.4742838289402638,42.45428511436543,13.296770437080864,15.590909090909092,33.872727272727275,34.0,13.181818181818182,0.33130000000000004,0.0954561755061149
74934294416472.0,22484.02840909091,40.0,12.944128787878787,33.48018939393942,-2.3704402836076155,47.284046713328465,13.102158140119295,13.507575757575758,26.555681818181817,52.65530303030303,13.106060606060606,0.46535000000000004,0.0220609605312347
74960064219781.0,29969.0,40.0,12.781818181818181,25.424545454545488,-2.218398314988272,51.69936162398003,12.929711402817402,17.454545454545453,25.972727272727273,52.81818181818182,12.954545454545455,0.7464500000000001,0.0665094852447509
74972949121656.0,22194.31646825397,40.0,12.72014880952381,30.383539682539713,-2.229812498909829,51.84666914205589,12.868802976117799,13.22311507936508,24.601220238095237,59.34117063492064,12.912698412698413,0.5566625000000001,0.071530133485794
74998718925250.0,24061.71496031746,40.0,12.664218253968254,27.755131746031772,-2.502112632704713,53.4899114224407,12.831025762815235,14.044999999999998,25.037630952380955,59.72440476190476,12.8625,0.60333,0.16113840639591212
75033078663264.0,34315.666666666664,40.0,13.041666666666666,24.290000000000024,-2.1213994897726627,57.18649950709575,13.183093299318179,20.25,20.416666666666668,72.33333333333333,13.25,0.5649,0.11736047267913811
75033078663715.0,26647.194444444445,40.0,12.802777777777777,30.776111111111142,-1.9191859456504723,52.51440280318045,12.93072350748781,16.416666666666664,23.669444444444444,64.02777777777777,13.027777777777779,0.6438999999999999,0.10209893807768815
75063143434982.0,22926.216666666667,40.0,12.8975,28.58850000000003,-1.7601364997256383,50.740991559618706,13.014842433315042,13.225000000000001,24.689999999999998,57.63333333333333,13.133333333333333,0.6431,0.0533010028302669
75067438403132.0,22763.293290043293,40.0,13.18603896103896,37.75614718614721,-1.632664177910781,42.74736621975474,13.294883239566346,13.957792207792208,29.43959330143541,39.78468899521531,13.303827751196172,0.277225,0.0891139879822731
75071733369848.0,21114.495798319327,40.0,12.955672268907563,33.21323529411768,-1.6854041956204118,48.07636208401,13.06803254861559,11.922268907563026,27.117542016806723,45.95378151260505,13.100840336134453,0.5817000000000001,0.02391682285815475
75114683042656.0,23548.72291021672,40.0,12.937132352941177,25.4182791537668,-1.7120257720929926,49.65229832150235,13.051267404414043,14.168924148606811,21.250703044375644,67.124935500516,13.097394220846233,0.70555,0.0365101844072341
75131862911401.0,27858.582936507933,40.0,12.856190476190477,26.38578571428575,-1.7266798645216337,53.76659819689691,12.971302467158585,16.117460317460317,22.883174603174602,67.18849206349206,13.036111111111111,0.67813,0.1494374960660934
75149042781680.0,30197.647619047617,40.0,13.128095238095238,30.53123809523813,-1.5640140876424544,43.475013477408666,13.232362843938068,17.5,27.185128205128205,66.9,13.179487179487179,0.37385,0.1278005540370941
75153337748569.0,20560.596939620205,40.0,12.980517161363093,36.22438086119149,-1.5470869465934811,47.222711122588166,13.083656291135991,12.386147935109873,30.217265281006856,43.60215338598147,13.11688362933127,0.47495294117647063,0.026692243402495035
75191992453417.0,23571.13888888889,40.0,12.63425925925926,26.393703703703736,-1.4516454842791273,54.90799845537509,12.731035624877867,14.361111111111109,22.197222222222223,65.47222222222223,12.75925925925926,0.6036833333333335,0.1275861710309982
75191992453455.0,24819.375,40.0,12.46875,25.56083333333336,-1.5906995778968016,54.78655781091854,12.574796638526454,15.270833333333334,22.979166666666664,64.16666666666667,12.625,0.60775,0.1307776793837547
75222057224916.0,27745.5002035002,40.0,12.755799755799757,28.293085063085083,-1.2172558101387805,50.924531874896076,12.83695014314234,16.050875050875053,24.644485144485145,56.12372812372812,12.90862840862841,0.6315166666666667,0.06301510334014887
75243532061126.0,28685.427827380954,40.0,12.712351190476191,27.81904761904765,-1.4757762812216044,53.395756388921924,12.810736275890964,16.827380952380953,24.86904761904762,57.34449404761905,12.933779761904763,0.7356312500000001,0.14174223318696016
75260711930499.0,22792.75,40.0,12.66875,30.027500000000035,-1.2902364307135115,51.70835786035536,12.754765762047569,13.625,26.95625,52.125,12.75,0.592,0.07640486583113665
75260711931255.0,26965.13333333333,40.0,13.020666666666665,31.01533333333336,-1.1370150298655308,44.635322851177406,13.096467668657702,16.166666666666668,29.193333333333335,51.900000000000006,13.08,0.523575,0.0840037018060684
75273596832975.0,26528.882352941175,40.0,13.01764705882353,37.267647058823556,-1.1472910282431967,46.15364898942624,13.094133127373073,15.411764705882353,27.788235294117644,50.76470588235294,13.147058823529411,0.28259999999999996,0.0452467016875743
75333726374303.0,29333.545238095237,40.0,12.525,27.94857142857146,-1.131639583545602,53.96303207718868,12.60044263890304,17.538095238095238,27.47119047619048,57.87380952380953,12.685714285714285,0.6059625,0.1215762123465538
75372381081628.0,25138.806956521737,40.0,13.134521739130435,40.36923478260873,-0.6368800261605144,38.40165564699694,13.176980407541134,15.544347826086955,31.146434782608697,46.66869565217391,13.060869565217391,0.184825,0.0079004517756402
75376676048563.0,27217.666666666668,40.0,13.012500000000001,41.195000000000036,-0.8842843299088522,41.64706296886223,13.07145228866059,15.916666666666666,33.22291666666666,28.166666666666668,13.041666666666666,0.1935,0.06098896078765385
75406740818949.0,23728.666666666668,40.0,12.904761904761905,35.97761904761907,-0.8118016422850893,48.07672995984691,12.958882014247576,14.476190476190476,28.314285714285717,39.904761904761905,12.976190476190476,0.53405,0.025061767548322605
75428215656534.0,27167.783475783475,40.0,13.094301994301993,35.86682336182339,-0.7288545592641524,37.93107779462468,13.142892298252937,16.264957264957264,30.69982193732194,61.078347578347575,13.047008547008547,0.210575,0.0077392114326357
75432510622308.0,28210.92222222222,40.0,12.983333333333334,32.400000000000034,-0.6786707212334092,52.039197147098236,13.02857804808223,16.722222222222225,27.218888888888888,48.53333333333333,13.066666666666668,0.5511,0.08622979621092469
75445395524235.0,23535.3875,40.0,12.89,29.76750000000003,-0.7006897622353251,51.65243404449356,12.93671265081569,14.1,25.505,52.8,13.025,0.6785000000000001,0.0727423876523971
75453985459543.0,24207.88660449826,40.0,12.96973429244106,36.364805064609605,-0.5816302777413022,44.8250343499746,13.008509644290479,14.538808059108812,30.715864173420567,46.4737818572405,13.040689928283914,0.5341166666666667,0.07011357091722031
75466870362016.0,28411.696666666667,40.0,13.084921652421652,39.50920740740744,-0.4139517280945412,39.50019111204959,13.112518434294621,16.723219373219376,32.141111358850495,52.544723770593336,13.030264461786201,0.27847222222222223,0.029315955316026945
75539884804834.0,23601.609487179485,40.0,13.024106227106227,28.054876923076954,-0.24883478336628312,50.82727025999173,13.04069521266398,13.63095238095238,24.42314652014652,59.75835164835165,13.14915750915751,0.56724,0.07535201907157893
75539884805635.0,28234.133333333335,40.0,13.08,34.066000000000024,-0.3644378699970782,43.33028889361803,13.104295857999805,17.266666666666666,27.666666666666668,60.666666666666664,13.033333333333333,0.5885,0.0968531966209411
75544179772607.0,24468.927272727273,40.0,12.963863636363635,39.818250000000035,-0.42868459797512637,46.34044184733036,12.992442609561978,14.23409090909091,30.646936090225566,41.9437030075188,13.050031328320802,0.3516375,0.0444255545735359
75582834477964.0,19045.090909090908,40.0,12.918181818181818,32.76636363636365,-0.38016957851363514,49.14439482057872,12.943526456749394,11.272727272727273,25.481818181818184,49.45454545454545,12.954545454545455,0.5224,0.0260765273123979
75595719379572.0,23129.714285714286,40.0,12.757142857142858,31.560476190476212,-0.1789734526151394,51.86739690171107,12.769074420650533,13.714285714285714,29.923809523809524,43.85714285714286,12.785714285714286,0.5776500000000001,0.07904925197362896
75642964019840.0,25867.656198142136,40.0,12.779124654280904,31.324597086940866,-0.3128679947222221,51.441123191038834,12.79998252059572,15.564067009379508,27.154486832611834,50.86620445526696,12.869589496151995,0.5342302083333333,0.07208357503016787
75694503628303.0,26421.821428571428,40.0,13.052142857142858,34.93761904761908,0.06656546052584,43.2013584457587,13.047705159774466,16.192857142857143,33.480952380952374,46.923809523809524,13.052380952380952,0.6196,0.08760062605142589
75694503628659.0,27121.44,40.0,13.08,37.766000000000034,0.0388298519734067,40.03436218636772,13.077411343201772,16.2,27.868000000000002,69.32,13.02,0.35309999999999997,0.0557290837168693
75703093561939.0,24032.152777777777,40.0,12.848214285714286,31.554801587301622,0.1281278096697138,52.21069863271481,12.839672431736304,14.202380952380954,28.45218253968254,47.05357142857142,12.92063492063492,0.5822833333333334,0.0835014606515566
75707388529515.0,23709.882352941175,40.0,12.858823529411765,32.848823529411796,0.1696286631741347,49.54669045851955,12.84751495186682,13.823529411764707,29.064705882352943,46.529411764705884,12.852941176470589,0.46440000000000003,0.0341268852353096
75737453300997.0,23640.765789473688,40.0,12.972456140350877,36.7305263157895,0.13466485181406548,45.63593100708399,12.963478483563273,14.552631578947368,33.049824561403504,46.32017543859649,12.991228070175438,0.5570333333333334,0.05674179270863531
75776108006562.0,26573.894736842107,40.0,12.889473684210527,38.68684210526319,0.375166467131669,46.557077239034655,12.864462586401748,15.631578947368421,31.311111111111114,42.44444444444444,13.0,0.4895,0.037345428019762
75814762711727.0,24115.363636363636,40.0,12.654545454545454,29.99181818181821,0.497167471953948,51.23417928388245,12.621400956415192,13.909090909090908,26.463636363636365,53.27272727272727,12.681818181818182,0.627,0.0823863968253135
75900662058405.0,26447.85,40.0,13.009642857142858,37.822595238095275,0.6068725056213504,44.18129272281449,12.969184690101432,15.419047619047618,29.05988095238095,47.29761904761905,12.939285714285713,0.481125,0.0685642883181572
75909251992648.0,23451.736247558234,40.0,12.964179635670057,36.91880552177014,0.6570184412931394,47.3904129950821,12.920378406250515,14.081914651825642,30.227766290726816,37.116620979532165,13.003654970760234,0.53658125,0.015089860185980774
76016626174828.0,25021.7741187384,40.0,12.949037569573283,33.34396722325297,1.104651829941275,49.4316201707632,12.875394114243866,14.727620593692022,28.921185064935063,42.67957042957043,12.933358308358308,0.6063785714285714,0.04087952950171055
76059575847840.0,22030.076923076922,40.0,12.930769230769231,33.67615384615388,1.135871270445322,49.03817903348564,12.85504447940621,12.538461538461538,32.16153846153846,36.92307692307692,12.961538461538462,0.6904000000000001,0.0343903787434101
76068165783284.0,27663.286545454546,40.0,13.195599999999999,39.657018181818216,1.1727328752137376,41.09831885866349,13.117417808319084,15.931272727272727,29.153339393939394,65.94245454545455,13.093757575757575,0.37591,0.040145587921142534
76111115455544.0,26925.5625,40.0,12.8875,37.76250000000003,1.3712672150567298,47.61537798755423,12.796082185662884,16.125,36.14,30.4,12.966666666666667,0.3516,0.0144166396930813
76119705390319.0,25605.026315789477,40.0,12.992456140350876,34.99966666666669,1.2903865537823112,45.842369549454325,12.906430370098724,14.763157894736842,31.15622807017544,39.92105263157895,12.982456140350877,0.6253500000000001,0.07916058351596189
76145475194326.0,27412.53783160323,40.0,13.02481353325644,38.95032064590546,1.3840066044663628,43.59760046056938,12.932546426292015,15.759400230680509,31.75621802265401,43.12378586427029,12.959098571555318,0.46593823529411765,0.06193177095230881
76162655063005.0,23222.066666666666,40.0,12.893333333333334,35.17400000000003,1.4918591439461202,48.46114460256343,12.793876057070259,13.2,28.346666666666668,38.93333333333333,12.9,0.46155,0.0193579848855733
76278619179735.0,26510.333333333332,40.0,12.813333333333333,29.97400000000003,1.8761132590247125,50.92584136423878,12.688259116065018,15.466666666666667,24.459999999999997,58.266666666666666,12.766666666666667,0.5922000000000001,0.070112369954586
76291504081940.0,23487.220861678004,40.0,12.861269841269841,36.777324829932006,1.888576446469093,47.890895649415675,12.735364744838568,14.36893424036281,30.143826530612245,40.4781462585034,12.826955782312925,0.4977714285714286,0.020281665825418
76295799049961.0,28792.007122507122,40.0,13.154558404558404,36.871809116809146,1.6495418753980733,41.207143665782944,13.044588946198534,16.602564102564102,30.64494301994302,59.0477207977208,12.99002849002849,0.295675,0.054908555001020404
76428943035283.0,23449.178962919985,40.0,12.969466064204246,34.60874085962784,2.298015850137358,48.80582802604615,12.816265007528424,13.538241399311,28.95934117650352,41.69994646320334,12.889478808917216,0.5498548076923077,0.030871473300533372
76433238003139.0,25828.270833333336,40.0,13.110416666666666,38.332569444444474,2.1432423962829676,43.93288512132912,12.967533840247803,15.052083333333332,30.064999999999998,45.02777777777777,12.983333333333334,0.559775,0.0663309916853904
76484777609932.0,25579.0625,40.0,13.1,31.00875000000003,2.3751357170168936,51.03636018384843,12.94165761886554,15.0,25.48125,52.8125,13.0,0.31775,0.0655612349510192
76484777610114.0,24356.166666666668,40.0,13.083333333333334,34.563888888888926,2.4104176109187754,49.26019916130372,12.922638825938748,14.166666666666666,28.99166666666667,41.75,13.0,0.5621166666666667,0.041390274961789396
76484777610349.0,26594.815359477125,40.0,13.039542483660131,39.28941176470592,2.395937423431219,47.08307056974861,12.879813322098048,15.745098039215687,28.67287581699346,43.18464052287582,12.985294117647058,0.485425,0.0406460277736187
76562087021340.0,24192.675,40.0,12.93625,36.191250000000025,2.791143090697073,50.267205384038505,12.750173793953529,14.7375,30.3875,40.425,12.775,0.5110250000000001,0.048172160983085605
76587856825355.0,24065.210317460318,40.0,12.848809523809525,36.7616666666667,2.7448754581665185,48.009308351918804,12.66581782659842,14.702380952380953,27.39594017094017,41.8568376068376,12.764957264957264,0.473275,0.02621115837246175
76613626629032.0,22711.965705128205,40.0,12.92404304029304,33.006636446886475,2.917152827366401,48.96977865287631,12.729566185135281,12.85151098901099,29.89997710622711,37.34882478632478,12.86996336996337,0.558475,0.03211391251534223
76617921596279.0,20283.984848484848,40.0,12.976515151515152,34.5182575757576,2.8005607121219516,49.39215362286082,12.789811104040357,11.901515151515152,29.96969696969697,42.85227272727273,12.931818181818182,0.5891,0.041624773293733555
76630806497978.0,28384.327513227512,40.0,12.818148148148147,27.74983068783072,3.0034765646600596,51.21386807858401,12.61791637717081,16.395238095238096,29.725132275132278,51.2037037037037,12.645502645502646,0.5478333333333333,0.058421342323223734
76652281335710.0,27969.467391304348,40.0,13.118840579710145,40.42730072463772,2.6878658511982136,39.60232211484987,12.939649522963597,16.379528985507246,33.95643115942029,43.024456521739125,12.92481884057971,0.284725,0.0121656605042517
76669461203668.0,24703.912450396823,40.0,12.859302248677247,34.742361111111144,2.9509108234832673,50.52370885507815,12.662574860445032,13.869345238095237,29.477604166666666,43.41335978835979,12.69713955026455,0.5397416666666667,0.04793537221848959
76695231008441.0,26912.308992565042,40.0,13.121126082491116,36.318814752005544,2.2129867499498093,41.47846043402251,12.973593632494463,15.742264764475289,30.604086618419295,58.425740041152665,12.994129877795835,0.376648,0.0720839454233646
76703820942916.0,26776.73015873016,40.0,13.107949735449736,37.40807407407411,2.9021672750927867,42.66313974632322,12.914471917110214,15.980820105820106,31.534100529100527,51.36216931216931,12.996031746031747,0.4402249999999999,0.07973111917575197
76733885713654.0,25721.935186450977,40.0,13.118264428288352,40.25869148767238,3.102602381078161,45.784531090187166,12.911424269549808,14.710036454773297,32.41769200387129,36.1601310641699,12.928996917021122,0.4865772727272727,0.08534027094190767
76802605190660.0,27515.636363636364,40.0,13.081818181818182,40.63545454545458,3.2081448439121725,43.358104765989424,12.867941858890704,16.727272727272727,32.57272727272727,36.59090909090909,12.909090909090908,0.4523000000000001,0.0423963516950607
77004468653561.0,27666.391304347828,40.0,13.030434782608696,36.380434782608724,3.6783838046043598,43.39649316695855,12.78520919563507,15.73913043478261,28.62608695652174,55.52173913043478,12.804347826086957,0.3967,0.0373899862170219
77017353554924.0,26803.117948717947,40.0,13.062564102564103,37.706589743589774,4.074920513534669,48.32126483206735,12.790902734995125,15.087179487179487,31.551666666666666,36.45897435897436,12.853846153846154,0.452025,0.0220182221382856
77021648522719.0,26964.851666666666,40.0,13.107952380952382,40.668266666666696,3.9069038153913547,43.63268729065852,12.847492126592957,15.527142857142858,32.74926190476191,40.03642857142857,12.896428571428572,0.3727571428571429,0.03133295423218179
77038828391170.0,26079.36506086506,40.0,12.822789432789433,31.94552602952606,4.227580810833424,50.44090372010741,12.540950712067206,15.841621341621343,28.613201243201242,47.52202797202798,12.575498575498576,0.615925,0.045993742843468945
77056008260268.0,28945.498762421787,40.0,12.911383032172507,31.637905486326574,4.393287772860896,50.942208846689745,12.618497180648447,16.797002120686333,29.574356725146203,46.06454627244101,12.671178894205209,0.658342105263158,0.0584420068679671
77064598195421.0,25903.06328320802,40.0,13.187343358395989,41.01832080200505,4.085125166295478,46.04608878336555,12.915001680642959,14.728070175438596,32.46071428571428,39.26587301587301,12.96031746031746,0.434925,0.0808426886796951
77146202572587.0,26842.828272273822,40.0,12.741132610939113,22.64538888888892,5.269527508966085,60.315912679167866,12.38983077700804,15.88464912280702,21.568314413484693,60.18479532163743,12.317930856553147,0.64686,0.19876670539379115
77146202574100.0,24315.615151515154,40.0,13.177121212121213,37.54530303030307,4.251119662111056,45.50767091074969,12.893713234647143,14.846969696969696,29.276212121212122,44.46363636363636,12.969696969696969,0.5462666666666666,0.0723511353135109
77193447213601.0,28850.039710214754,40.0,12.771829021735234,29.42235898436967,4.590639893417354,52.12934564040296,12.465786362174077,17.574617441049014,27.56411055714327,53.45019715678479,12.473786873224148,0.5936831632653061,0.07902414351701732
77202037148956.0,23386.222222222223,40.0,13.161111111111111,35.784444444444475,4.42935439031834,45.49414348452056,12.865820818423222,14.38888888888889,28.77777777777778,44.27777777777778,12.944444444444445,0.57755,0.062823586165905
77210627083724.0,27494.58695652174,40.0,13.004347826086958,39.762173913043505,4.372705970535365,43.85221775372176,12.712834094717934,15.782608695652174,32.06086956521739,43.130434782608695,12.76086956521739,0.4341,0.0292001832276582
77249281789207.0,27057.85714285714,40.0,13.195238095238096,38.9614285714286,4.602256033665705,45.51945334209992,12.888421026327048,16.523809523809526,32.19047619047619,38.23809523809524,12.880952380952381,0.46254999999999996,0.0617761649191379
77270756624305.0,27994.378421028578,40.0,12.818751398240563,22.509433090129715,5.685008465498265,58.948197908308565,12.439750833874012,16.26257153579135,21.520408112386722,63.11986488977764,12.47954685688643,0.6646454545454547,0.21195415746081955
77292231462116.0,24043.9115942029,40.0,13.04268115942029,34.90008695652177,4.731210263397325,45.91799293058673,12.727267141860468,13.86304347826087,30.706159420289854,41.345652173913045,12.72391304347826,0.6265666666666667,0.07389531532923377
77300821396152.0,24750.235555555555,40.0,12.999055555555554,31.696411111111143,5.246892220198584,51.12434627401482,12.64926274087565,14.447222222222223,27.373833333333334,49.68888888888889,12.745000000000001,0.6746800000000001,0.06158115342259406
77300821396715.0,24700.21666025148,40.0,13.105529376664839,36.81593191455087,4.784878314623169,45.75289883537326,12.786537489023294,14.136808375883591,31.60710004744376,39.624601266646565,12.799360657955965,0.5535863636363637,0.07291222770105703
77322296232577.0,27549.363363118362,40.0,12.929714063714064,31.930604636104665,4.955079729058978,51.63149975414126,12.599375415110131,16.26169386169386,28.026200207200205,50.66447681947682,12.644182854182853,0.6467966666666667,0.06854787170886988
77326591198824.0,32939.1,40.0,12.586666666666668,21.49933333333336,6.417529317917202,62.429853876518536,12.15883137880552,19.2,22.130000000000003,65.13333333333333,12.166666666666666,0.6518,0.1583209633827209
77326591200395.0,24008.947368421053,40.0,13.037679425837322,36.83889952153113,4.909028808839621,46.78197868931678,12.710410838581346,14.257177033492823,28.40358851674641,44.09210526315789,12.696172248803828,0.42552500000000004,0.06531427055597305
77326591200446.0,25751.909090909092,40.0,13.136363636363637,37.800909090909116,4.789640837234661,46.31838155964371,12.817054247214662,15.0,28.16818181818182,38.86363636363637,12.863636363636363,0.49875,0.066291868686676
77330886167105.0,28036.818181818184,40.0,12.805594405594405,32.541118881118905,5.284300064846047,52.35620950465787,12.453307734604671,16.846153846153847,27.986013986013987,48.97202797202797,12.486013986013987,0.536475,0.0767251551151275
77343771069718.0,24567.956521739132,40.0,13.152173913043478,36.40913043478264,4.902670130737407,45.52664141299808,12.825329237660982,15.0,29.321739130434782,48.391304347826086,12.847826086956522,0.6475500000000001,0.0675478503108024
77369540873556.0,25043.35714285714,40.0,13.119047619047619,39.120476190476225,4.847265800148342,44.964177094767976,12.795896565704396,15.0,35.069047619047616,33.76190476190476,12.833333333333334,0.45450000000000007,0.0513683520257473
77373835840594.0,23027.11014899381,40.0,13.026610874613002,40.0835690789474,5.093317881502221,47.31075449908808,12.687056349179521,13.866486068111454,30.05643866099071,35.52041408668731,12.788506191950464,0.375875,0.0523696802556514
77386720742841.0,27233.69941077441,40.0,13.082060606060606,38.84834276094279,4.861642932855997,43.94446614994843,12.757951077203538,15.758249158249157,33.54420053702548,40.790281996163,12.735732650686884,0.4536166666666667,0.028978437185287434
77391015709239.0,27430.710784313724,40.0,12.836764705882352,31.405220588235323,5.5052002151162105,52.491462957810995,12.469751358207938,16.436274509803923,28.060539215686276,49.75612745098039,12.5,0.5227166666666667,0.07900453855593996
77399605643934.0,25037.710774410774,40.0,12.898737373737374,34.10234680134683,5.415214069490655,51.47634934617755,12.537723102437996,14.560774410774412,27.578417508417505,45.224242424242426,12.608754208754208,0.5300416666666666,0.059406603376070566
77403900611189.0,27727.81818181818,40.0,13.1,31.830000000000027,5.380458349513081,51.88044571776047,12.741302776699127,16.363636363636363,29.072727272727274,44.81818181818182,12.772727272727273,0.71255,0.0665493085980415
77455440218696.0,27577.5,40.0,12.875,32.543333333333365,5.632098799262191,52.29779973995878,12.499526746715853,16.25,28.208333333333332,43.666666666666664,12.583333333333334,0.6044499999999999,0.0724130123853683
77468325121507.0,27369.791666666668,40.0,13.079166666666666,39.201666666666696,5.136888872670705,43.63243758099952,12.736707408488618,15.625,33.170833333333334,39.458333333333336,12.75,0.38155,0.0268015395849943
77472620087963.0,25611.333333333332,40.0,12.833333333333334,33.241666666666696,5.699239483823924,51.473820292696736,12.453384034411739,14.666666666666666,31.958333333333332,36.166666666666664,12.416666666666666,0.6293500000000001,0.055837735533714204
77476915055088.0,34093.66317016317,40.0,12.74679487179487,29.052839937839966,5.828719887479852,53.1931426404802,12.358213545962883,19.533605283605283,27.331313131313134,53.361888111888106,12.38850038850039,0.6040833333333334,0.0733681768178939
77558519433832.0,34591.41708291708,40.0,12.833699633699633,33.120927683427716,5.91215784320842,51.953810564209306,12.439555777485738,20.3997113997114,29.814459151959152,46.825355200355204,12.436854811854813,0.5916916666666667,0.05716687006254986
77575699302965.0,30202.034511784514,40.0,12.827819865319865,32.0976262626263,6.084489464804453,52.53976096768789,12.422187234332903,17.8766835016835,28.32775974025974,44.508116883116884,12.302489177489178,0.6227,0.06342244148254386
77584289237863.0,22138.93589244089,40.0,12.924798201798202,33.691219447219474,5.940476850815347,49.50331945803332,12.528766411743845,13.300283050283051,29.131489843489845,38.394232434232435,12.53002997002997,0.5552,0.03749093897640699
77584289238508.0,27635.191155455257,40.0,13.148003614682418,37.50997550109314,5.344332496418483,43.40580388143566,12.791714781587853,15.725281447618404,31.28118745258259,45.93713721166324,12.803934988670116,0.40382750000000006,0.02413695226423438
77588584204987.0,23776.46558802309,40.0,12.932595057720059,32.2749956709957,5.906334405869322,50.83854576587052,12.538839430662103,13.61993326118326,28.96275847763348,42.65251082251082,12.581161616161616,0.6193649999999999,0.06025707256048912
77601469107496.0,23496.825,40.0,13.145,35.04500000000003,5.6444839524381365,45.28028499799729,12.768701069837459,14.35,32.602573529411764,45.49779411764706,12.813235294117648,0.5980000000000001,0.0797039866447448
77618648975951.0,30846.132575757576,40.0,13.037500000000001,31.15825757575761,6.193107220998323,52.27022242949375,12.62462618526678,18.428030303030305,28.75530303030303,47.98863636363636,12.628787878787879,0.632175,0.0557354167103767
77665893616470.0,21624.935964035965,40.0,12.866883116883116,33.14800999001002,6.114308535239573,49.675270548438974,12.459262547867144,13.13156843156843,31.372227772227774,35.74275724275724,12.397502497502497,0.5859142857142857,0.043877320098025384
77670188583806.0,20728.220089285714,40.0,12.983792353479853,35.27719196428574,6.122075413379825,49.185887313268665,12.575653992587865,12.285611263736264,29.22399054070929,38.326924637862135,12.572149725274725,0.59928125,0.04278527246788138
77691663420508.0,21017.31842105263,40.0,12.991973684210526,31.914157894736874,6.00660531943795,47.26008350426726,12.591533329581328,12.669736842105262,30.760263157894737,43.617105263157896,12.626315789473683,0.71555,0.08816734701395029
77700253355267.0,21692.134613448736,40.0,13.05749339705371,34.6845488462357,5.942179590403327,45.604469288756036,12.661348091026824,13.436217095533866,30.587398491051648,46.382793163031806,12.717677994157237,0.6586571428571428,0.09245425994907104
77704548322236.0,21520.512454212454,40.0,12.930669006919008,34.90968152218156,6.136072841246388,48.693597045023886,12.521597484169247,12.411706349206348,28.405820105820105,36.58710317460317,12.522222222222222,0.5986722222222222,0.04775291515721213
77708843289907.0,22776.75992961287,40.0,13.038125082691646,34.82718264269273,5.777203778673466,45.22910926723799,12.652978164113414,13.816140086263925,30.22819219523167,47.943218623481776,12.657844129554654,0.6712423076923077,0.07962222168078784
77730318125548.0,34360.58796296296,40.0,13.011111111111111,31.536203703703734,6.59993181924244,53.173797573743315,12.571115656494948,19.51851851851852,27.665277777777778,49.78240740740741,12.657407407407407,0.6323833333333334,0.0550300851464271
77743203028201.0,24001.161111111112,40.0,12.97638888888889,32.799333333333365,6.0761126718838,45.91508819784215,12.571314710763303,13.769444444444446,28.638815359477125,52.879330065359476,12.48390522875817,0.6725875000000001,0.10404791869223115
77768972831356.0,29436.459595959594,40.0,12.948989898989899,35.893051948051976,6.626537788861334,51.834414417585755,12.507220713065811,17.286075036075037,27.3257215007215,49.432178932178935,12.581890331890333,0.4527833333333333,0.0482648015022277
77773267799229.0,26892.96743679906,40.0,13.103996531387116,34.30280052846584,6.195025039824128,46.24817422967566,12.690994862065509,15.766754891526212,29.81397276364065,44.216034689268575,12.689266290828352,0.5402818181818182,0.11072437194260677
77799037602380.0,29548.73015873016,40.0,12.955555555555556,37.273174603174624,6.910324641288245,52.2406831145652,12.494867246136339,17.365079365079364,27.796031746031748,43.07142857142857,12.571428571428571,0.513675,0.0503026191145181
77803332570644.0,25621.489342562298,40.0,13.128252603001094,35.89871190750865,5.974079420235646,43.106964140931126,12.72998064165205,15.467245284128994,30.593915180513264,56.25068266396018,12.715213503875871,0.4093681818181818,0.034324674782427816
77867757079375.0,22328.83095238095,40.0,12.946190476190477,32.356095238095264,6.728605125607692,49.770220735227745,12.497616801149963,13.428571428571429,27.256666666666668,42.7,12.535714285714285,0.6537999999999999,0.0556441470980644
77880641981170.0,28661.555555555555,40.0,12.697222222222223,36.38555555555558,6.8310886451190385,50.62912832104143,12.24181631254762,15.86111111111111,30.04166666666667,35.72222222222222,12.25,0.49237500000000006,0.0639225989580154
77893526883515.0,28424.53846153846,40.0,12.923076923076923,25.862307692307713,6.456738193480151,46.36546520766704,12.492627710178247,16.846153846153847,33.13076923076923,39.07692307692308,12.423076923076923,0.5565,0.1260467022657394
77902116818140.0,25470.466666666664,40.0,13.053148148148146,34.98255555555559,6.482441938319231,46.083318561244276,12.620985352260199,14.72777777777778,27.66295149638803,54.86274509803922,12.626934984520124,0.5808,0.1205597644050916
77927886621860.0,28097.80546218487,40.0,13.081295787545788,32.43443740573155,6.687590314118097,46.50881981841095,12.635456433271248,16.550290885585003,28.088373982729188,48.19730081381665,12.675796413239851,0.5771961538461539,0.13233154209760517
77975131262002.0,20551.656666666666,40.0,13.038749999999999,33.68708333333336,6.825820663134499,47.53950727495006,12.583695289124368,12.574166666666667,28.60692857142857,41.76166666666667,12.633571428571429,0.58205,0.11711989939212797
78026670869371.0,22588.12644754483,40.0,13.016105873973522,34.33973271445333,6.976889606358413,49.25848810513838,12.550979900216294,13.539070143727008,29.381081865665198,38.952526023359354,12.563392086308752,0.6093222222222222,0.05864374505148987
78043850738883.0,29396.638328357658,40.0,12.981537944125018,31.724181870116496,6.947457805310816,46.256749351249994,12.518374090437632,17.135402845348665,27.97079417293233,47.93380510098776,12.516475011057054,0.6849083333333335,0.1299084722995758
78043850739190.0,29111.33539296247,40.0,13.17436093503347,35.81744144017918,6.783602563225631,43.42873302496258,12.722120764151759,16.62442956962273,30.353417705887743,56.34963236587021,12.719778410948319,0.50135,0.06260884320363397
78078210477171.0,25912.44943627451,40.0,13.081205882352942,30.54026176470591,7.002063064991104,47.01772021425983,12.6144016780202,15.340686274509803,28.98222549019608,47.43928921568627,12.63220588235294,0.57433,0.1292081400752067
78091095379085.0,24597.518518518522,40.0,13.032592592592593,33.119777777777806,7.142180802846725,46.786544065612,12.556447205736143,14.503703703703705,30.551428571428573,43.17037037037037,12.523809523809524,0.6647666666666666,0.1350642492373784
78099685313290.0,26297.781266352693,40.0,12.808567503924646,33.48946951857669,7.6099655592543565,50.355612158538555,12.301236466641024,16.14289638932496,28.39157182103611,41.5918759811617,12.21694793301936,0.5694714285714285,0.07120147773197716
78108275247721.0,28217.825396825396,40.0,12.968650793650793,33.99706349206352,7.651893955614543,51.987106671775386,12.458524529943157,16.305555555555554,30.543849206349204,37.364417989417994,12.378968253968253,0.6557083333333333,0.0605508188406626
78125455117345.0,23891.903682306252,40.0,13.054502801120448,36.33517810457519,7.292871663846877,47.760325526397544,12.568311356863989,14.586437908496732,29.869818376068377,44.00292546505782,12.597706133735544,0.5759416666666667,0.10910471777121221
78134045051906.0,26228.670634920636,40.0,12.818015873015872,36.42400000000003,7.351337910492641,48.068394413611,12.327926678983031,16.23253968253968,27.351645021645023,47.461616161616156,12.372727272727273,0.5029,0.09424251069625215
78164109822626.0,33207.23611111111,40.0,12.848611111111111,33.25486111111114,7.772409336602518,51.46597227484268,12.330450488670945,18.854166666666664,32.94722222222222,34.30555555555556,12.32638888888889,0.6272,0.0706577226519584
78168404790228.0,23042.003205128207,40.0,12.881089743589742,35.230929487179516,7.484401945028519,48.47870900161295,12.382129613921174,13.163461538461538,28.350961538461537,45.02243589743589,12.416666666666666,0.5824,0.0766809731721878
78172699757669.0,25752.82080610022,40.0,13.00572440087146,30.856828976034887,7.322952016369913,47.154854664873994,12.517527599780133,15.27739651416122,30.236427015250545,41.88031434796141,12.502513227513226,0.6967666666666666,0.1308480401833852
78185584659076.0,32189.770663987172,40.0,12.890939770823492,35.03004875228134,6.9200105450465035,51.23817049042536,12.429605734487058,18.81286398356166,30.75932110525134,39.9210545010545,12.42491301979674,0.5711913953488372,0.056516297854656346
78185584659711.0,26515.12,40.0,13.024000000000001,34.92520000000003,7.245718156573705,45.70480925468954,12.540952122895087,15.04,28.68,38.32,12.54,0.57775,0.12164177745580669
78189879626186.0,39168.5,40.0,12.71875,30.703750000000024,8.102057300180611,53.5572170937414,12.178612846654627,22.625,27.018749999999997,52.875,12.1875,0.6073500000000001,0.05061990395188325
78189879626506.0,28562.153846153848,40.0,12.76923076923077,31.613076923076953,7.711912712610418,50.45335947571671,12.255103255056742,17.53846153846154,26.653846153846153,45.23076923076923,12.192307692307692,0.6126,0.0708666741847992
78194174594167.0,24258.940151645453,40.0,12.98262360012231,32.29123571455876,7.464345899401465,46.95206540126024,12.485000540162211,14.494824274739138,29.576756058173753,44.48773697588197,12.469605932041432,0.6387722222222222,0.13532382912105978
78202764528199.0,33186.54072420635,40.0,13.050287698412697,34.345531746031774,8.043018802232988,52.25691925888843,12.514086444930498,19.611011904761906,30.399742063492063,41.36909722222222,12.475892857142856,0.5932000000000001,0.0569715914316475
78202764529102.0,27412.234147473424,40.0,13.133699515587386,34.3548306903623,7.103420966582842,43.6637170014418,12.6601381178152,15.92463817646884,30.61298469989202,56.98657092335583,12.67694324744668,0.5409631578947368,0.0720701413719277
78207059495175.0,26684.86940836941,40.0,12.555555555555555,25.875165945165975,8.455001094028924,55.51385057003872,11.99188881595363,16.823953823953826,24.0515873015873,57.419047619047625,11.953968253968254,0.6881666666666667,0.11547668526569997
78211354463330.0,25442.575,40.0,12.992982456140352,32.21543859649126,7.612438343126638,47.20044525722793,12.485486566598576,15.178947368421055,28.73006335282651,46.06574074074074,12.394541910331384,0.612475,0.1333838105201721
78215649430581.0,23993.337296300768,40.0,13.02500434009034,32.98639314335224,7.651708737768935,47.51643681095012,12.514890424239077,14.531049879931889,28.86762218872427,45.59397563030174,12.476329886907804,0.6600111111111112,0.12837909106855033
78228534332360.0,25211.485790866052,40.0,12.9238693957115,35.22225981620721,7.688111145962387,48.56060893906983,12.411328652647342,14.652311333890282,29.410808404558406,41.80684724632093,12.381759687680741,0.6159208333333334,0.07707234844565385
78232829299908.0,28622.959576023393,40.0,13.062558479532164,34.321048245614065,7.4747665708355315,46.26015127376201,12.564240708143128,16.846929824561403,29.7540350877193,40.43472222222222,12.605409356725145,0.5956000000000001,0.13589719310402867
78258599103632.0,25987.10399159664,40.0,13.016659663865546,32.49220308123252,7.586416887337499,46.762011949574706,12.510898538043048,15.351050420168066,31.158039215686273,44.05903361344538,12.503151260504202,0.7028625000000001,0.1396970003843307
78258599103796.0,25892.943217232805,40.0,12.919743415568847,35.4549009650043,7.650836405481369,45.12504330586488,12.409687655203426,15.508369880092667,31.836752126410513,47.76671775429539,12.37227330985095,0.6122285714285715,0.11841666379145209
78280073939943.0,27697.21052631579,40.0,12.75263157894737,32.51000000000003,7.807569348408938,48.32111099308101,12.232126955720105,16.05263157894737,27.73157894736842,46.78947368421053,12.236842105263158,0.6896,0.0883356854319572
78284368907265.0,25210.072807017543,40.0,12.881754385964912,31.29591228070178,7.847631398640114,48.01969657100631,12.358578959388906,15.449122807017545,32.47456140350877,42.92017543859649,12.33157894736842,0.7209333333333334,0.10776895036300023
78323023612884.0,26122.15873015873,40.0,12.800396825396826,32.81563492063495,7.952735383203868,48.47719067770426,12.270214466516567,15.071428571428573,30.31031746031746,39.1031746031746,12.3015873015873,0.650725,0.0838970243930816
78331613547573.0,25625.101417905767,40.0,13.028194993412384,32.09236526758269,7.948707328585589,47.57443898078255,12.498281171506681,15.592257983562332,30.39689440993789,44.03560449212623,12.468253968253968,0.6193166666666666,0.13355423510074613
78353088383431.0,36730.36363636363,40.0,13.14590909090909,29.36927272727275,8.617377772523138,53.53426164151827,12.571417239407548,21.21363636363636,26.811818181818182,52.2,12.604545454545455,0.6981999999999999,0.0569166354835033
78353088384464.0,26719.863636363636,40.0,13.118560606060605,32.205265151515185,7.442694486508623,43.76179833211052,12.622380973626697,15.420454545454547,29.8719696969697,59.702651515151516,12.628787878787879,0.5648000000000001,0.0820632353425026
78361678318477.0,28090.625816993466,40.0,12.810620915032679,34.30934640522879,8.083739313053057,49.20269979640305,12.271704960829144,16.60947712418301,28.646732026143788,44.5702614379085,12.272875816993464,0.61805,0.0731886252760887
78370268253113.0,27055.470588235294,40.0,12.86470588235294,30.386470588235323,8.229168434810141,48.758918911811485,12.316094653365598,15.882352941176471,32.05882352941177,36.470588235294116,12.323529411764707,0.6220000000000001,0.0845627933740615
78374563219356.0,28614.468055555557,40.0,12.6625,24.631555555555586,9.600566301527735,59.17178181584124,12.022462246564817,16.519444444444442,25.200972222222223,50.06111111111111,12.077777777777778,0.7024600000000001,0.12567616999149317
78374563220415.0,24561.28743315508,40.0,12.858556149732621,31.52922459893051,8.146213548362358,48.67855030397472,12.315475246508463,14.306149732620321,29.836497326203208,43.57085561497326,12.334224598930481,0.6598250000000001,0.0829617083072662
78408922958745.0,26040.794703335883,40.0,12.932678889737714,32.060390628978894,8.510225574208834,48.96284616954308,12.365330518123791,15.210949834479248,29.01618792971734,41.20853068500127,12.349172396231221,0.6493409090909091,0.08509681238369506
78413217925887.0,32746.7375,40.0,13.12875,34.653000000000034,8.399004446183259,50.5180944752601,12.56881637025445,18.6125,31.95375,33.9375,12.5,0.6483500000000001,0.0682135224342346
78426102827499.0,41058.79709821429,40.0,12.674806547619047,32.36474553571431,8.810637163036192,53.10803679516175,12.087430736749969,23.58764880952381,29.774397321428573,47.56049107142857,12.178273809523809,0.461303125,0.05814723367802796
78430397795790.0,27204.782608695652,40.0,12.995652173913042,34.03434782608699,7.750305572680586,43.81495304621812,12.478965135734338,15.782608695652174,29.13478260869565,64.3913043478261,12.41304347826087,0.40449999999999997,0.09884999692440032
78443282697486.0,25954.472222222223,40.0,12.89047619047619,32.61634126984131,8.007354912007528,45.56588893410347,12.35665252967569,15.606349206349208,30.91103174603175,53.58730158730159,12.409325396825396,0.7411666666666666,0.10576973110437389
78447577664564.0,25547.444444444445,40.0,12.994444444444445,32.01111111111115,8.243660513233838,47.647942802547554,12.444867076895521,15.444444444444445,30.811111111111114,34.611111111111114,12.444444444444445,0.7136,0.1369695514440536
78447577664577.0,25716.482001483808,40.0,13.08537692248007,31.347197543021423,8.499857575321697,47.34511464912629,12.518719750791954,15.485579194675813,28.349535450375964,48.120658246527896,12.55183224927807,0.6334405660377358,0.15109465707023184
78451872631628.0,23862.85714285714,40.0,13.231904761904763,37.20085714285717,8.486949066709846,49.75360761106962,12.666108157457439,14.242857142857142,29.764761904761908,35.77142857142857,12.676190476190476,0.3736,0.0754725411534309
78486232369952.0,24882.0622762654,40.0,12.975007748099854,34.21329066218872,8.699784306886109,50.05368520247148,12.395022127640779,15.251165592448487,29.840458735343603,38.51386446156183,12.418701035806299,0.5583993421052632,0.0697831003681609
78486232370630.0,26219.0,40.0,13.117391304347825,33.54130434782612,8.013156202478061,43.89837390872598,12.58318089084929,15.26086956521739,27.37391304347826,61.130434782608695,12.543478260869565,0.6085499999999999,0.0866570845246315
78490527337035.0,34262.263134920635,40.0,12.755408730158731,33.69701944444448,8.642258887536206,52.05751037785133,12.179258137656316,20.453214285714285,29.486386904761908,46.834206349206355,12.285992063492063,0.5659675,0.06881828159093853
78490527337088.0,35379.9,40.0,12.74,32.71600000000003,8.728494111673955,51.664725556547396,12.15810039255507,20.8,27.18,51.8,12.2,0.5343249999999999,0.0848279297351837
78494822304504.0,28467.40681818182,40.0,13.040328282828284,33.3472070707071,8.595415585059653,50.592857993072705,12.46730057715764,16.138131313131314,28.575303030303033,43.27159090909091,12.41060606060606,0.564775,0.06779937818646428
78507707206483.0,24093.716537126777,40.0,12.98594242484514,34.825061749085535,8.581910311415879,49.44219611310495,12.413815070750749,14.44875435022494,29.9559176387966,38.84550521750748,12.4095705011429,0.5551,0.0782742341741537
78516297141462.0,23792.842105263157,40.0,12.88421052631579,28.23210526315793,8.296563288131921,46.08047068203814,12.331106307106994,13.68421052631579,31.378947368421056,47.578947368421055,12.342105263157896,0.807,0.1206769198179245
78529182042355.0,31313.5,40.0,12.808333333333332,27.241666666666703,9.620095826411513,55.71208436647071,12.166993611572565,17.833333333333332,24.825,55.583333333333336,12.166666666666666,0.7087,0.1025730818510055
78529182042374.0,29005.458333333336,40.0,12.958333333333332,27.821666666666694,9.49676377992478,55.46456189654445,12.325215748005014,17.291666666666664,24.72083333333333,53.16666666666667,12.25,0.5750250000000001,0.09433574229478833
78533477010531.0,26829.615925536884,40.0,13.070212612822907,31.969299992219135,8.421362378865238,47.13320647244303,12.508788454231892,16.05592320261438,28.726357959850606,50.74354575163398,12.521527777777777,0.6828416666666667,0.14699269334475196
78542066943844.0,27389.829009063582,40.0,12.68916053454181,24.884841798656947,10.182538527695183,59.75397370120406,12.010324632695465,16.128992424582343,25.631086939264353,48.963597958105964,12.085882767118466,0.7029760869565217,0.09492435889399566
78546361911630.0,35777.479999999996,40.0,12.785666666666668,26.691266666666696,9.434958409773492,54.75563216147248,12.156669439348434,21.203333333333333,24.537,65.91333333333333,12.213333333333333,0.64595,0.09509344846010201
78572131715180.0,24645.906043956045,40.0,12.739010989010989,25.477335164835193,9.940422485147481,57.04335879599929,12.076316156667824,14.434065934065933,24.010233516483517,54.28914835164835,12.179532967032966,0.64299,0.11534009426832197
78576426682955.0,31947.706349206346,40.0,12.773809523809524,31.19301587301591,9.098715435737352,52.23958394615552,12.167228494760366,18.849206349206348,31.35079365079365,37.41269841269842,12.063492063492063,0.554725,0.0659769922494888
78580721650730.0,25158.181578947366,40.0,13.036988304093567,30.773727095516602,8.599007762549958,47.669538228949385,12.46372111992357,15.207115009746587,28.800477582846003,46.81276803118908,12.47270955165692,0.6830416666666667,0.1445352733135223
78602196487232.0,26119.340947855748,40.0,13.1332443957115,31.544884502924006,8.768796953362017,47.517186352806824,12.548657932154034,15.668628167641325,27.752069931773878,49.51583820662768,12.61245126705653,0.6596333333333334,0.16187933832406995
78606491454376.0,24468.148717948716,40.0,12.973461538461539,31.395461538461564,8.703474095663072,48.90099590435164,12.393229932084001,14.25,31.485769230769233,43.83076923076923,12.447435897435899,0.6102375,0.08945348300039763
78610786420992.0,30732.700980392154,40.0,12.88186274509804,29.006372549019638,9.733408272831152,55.55403375918185,12.232968860242629,18.71078431372549,25.341176470588238,60.89705882352941,12.269607843137255,0.51175,0.0934572368860244
78615081387925.0,27001.00221141088,40.0,12.699122807017545,25.55918374367294,10.464984635527605,59.25500514017244,12.001457164649038,15.480760725342767,23.30983709273183,54.01242690058479,12.094141604010025,0.6318857142857144,0.0978661850094795
78645146159271.0,27444.99537037037,40.0,12.548611111111109,27.143981481481507,10.000091499984064,56.485047238580286,11.881938344445507,15.88425925925926,25.938425925925927,58.074074074074076,11.921296296296296,0.5691833333333334,0.12824194629987076
78645146160065.0,23598.39031339031,40.0,13.040442890442892,31.157640507640533,9.029108868293061,48.65170329517108,12.438502299223352,13.66006216006216,28.10495337995338,41.83922558922559,12.484459984459985,0.6443555555555557,0.09969689531458742
78645146160110.0,25446.842105263157,40.0,13.0,31.15000000000002,8.875006794987028,48.297937044906256,12.408332880334198,14.578947368421053,27.455555555555556,44.166666666666664,12.38888888888889,0.6072,0.11752808094024648
78645146160161.0,25602.055555555555,40.0,13.083333333333334,30.586666666666694,8.92810577033146,47.79591361190511,12.488126281977904,15.5,29.66111111111111,44.333333333333336,12.5,0.7687,0.1547894924879074
78662326029595.0,24644.219444444443,40.0,13.033888888888889,34.86005555555558,8.65051632518533,45.45073116303123,12.4571878005432,15.016666666666666,31.147222222222222,49.93888888888889,12.411111111111111,0.5706666666666667,0.09001759688059484
78696685767564.0,25130.302593240092,40.0,13.031162587412588,34.10612470862474,9.22936486705279,49.14601849074981,12.415871596275736,14.825903263403264,29.0704763986014,41.2741113053613,12.439758158508159,0.5470750000000001,0.08654028642922636
78705275702343.0,25684.845833333336,40.0,13.135,29.842333333333368,9.096309007535508,47.462010179555,12.528579399497636,15.383333333333333,27.642083333333336,47.8125,12.445833333333333,0.7178833333333333,0.17800229291121164
78705275702367.0,27074.936647173487,40.0,13.141812865497075,29.68643274853804,8.953061872560578,47.22036852073473,12.544942073993036,16.334307992202728,26.598148148148145,55.36842105263158,12.536062378167642,0.7192833333333334,0.16299832363923386
78709570669227.0,31925.54696969697,40.0,12.709242424242426,32.13418181818185,9.461301292430234,51.34492849037988,12.078489004747075,18.35909090909091,29.067794612794614,47.14882154882155,12.08838383838384,0.5928833333333333,0.08586203803618743
78735340473566.0,28878.490316205534,40.0,13.026146245059289,29.84712648221347,8.90119152819307,45.95973427827463,12.432733476513084,16.610158102766796,29.73910671936759,53.04229249011858,12.434426877470356,0.7224700000000001,0.11274368464946746
78739635440540.0,24323.81640514248,40.0,13.033031349602778,32.36007691356266,9.340356032866893,48.840782528828605,12.410340947411653,14.234885114885115,29.228548546691403,43.56780600352029,12.473793825222396,0.6434300000000001,0.10080299420016149
78739635440592.0,26918.02435897436,40.0,12.925416666666667,31.72469871794875,9.107919020311666,48.527397926015524,12.318222065312556,15.420192307692307,31.482179487179486,36.15320512820513,12.349038461538463,0.5878500000000001,0.10815432853996748
78739635440688.0,28130.251851851852,40.0,13.14037037037037,26.468814814814845,9.259671147362535,47.620578785749565,12.523058960546201,16.944444444444443,27.375555555555554,48.0,12.544444444444444,0.5774666666666667,0.1755018085241317
78743930407100.0,28297.755850168352,40.0,12.640357744107746,28.866205387205415,10.15457408324666,56.18897407638411,11.963386138557965,16.2398569023569,24.040126262626263,56.14970538720539,12.039562289562289,0.5968333333333334,0.11710017671187715
78743930407482.0,34313.847653118486,40.0,12.661560846560846,34.016944244027606,9.774480061723096,52.398873440353746,12.009928842445973,20.466610549943884,28.841504930254928,46.37982804232804,12.172546897546898,0.47644722222222224,0.06695884135034343
78748225374641.0,41660.13737281237,40.0,13.105018315018315,29.069000203500234,10.016880930137683,53.5902005497221,12.437226253009136,24.135164835164836,27.733841066341064,55.07673992673993,12.416422466422468,0.5646576923076924,0.08121163550859836
78752520342765.0,26120.396874167673,40.0,12.998690020635914,35.872069368389376,9.36376457062214,45.63710823780676,12.374439049261104,14.836014832067146,31.500346630436955,49.19505598986477,12.372010444323847,0.5763943396226415,0.10000782206935697
78765405243214.0,27013.433902376742,40.0,12.601070308240256,25.260024602238587,10.756899898329587,59.88689787414282,11.883943648351616,16.003690072520236,24.710987781077343,49.083518612123214,11.96338589529379,0.6860821428571429,0.08787396922707552
78782585113989.0,24320.069934640524,40.0,13.104640522875817,32.54303431372553,8.88443333461401,44.41835860077041,12.512344967234883,14.410849673202614,29.243095238095236,62.65869514472456,12.438095238095238,0.54954,0.1022676825523376
78791175047540.0,34382.46801346801,40.0,12.865319865319865,27.149124579124607,10.154354596383696,54.323534666642175,12.18836289222762,20.2648709315376,26.031621773288443,58.75202421035754,12.149490941157607,0.7063666666666667,0.0838578914602597
78799764982528.0,25580.0,40.0,12.890909090909092,32.31727272727276,9.663135069779372,50.55002832745436,12.246700086257134,15.909090909090908,27.0,41.36363636363637,12.318181818181818,0.65605,0.0592663884162902
78808354916623.0,26814.452056277056,40.0,12.542063492063493,29.54371789321792,10.368846416815312,55.40192203748175,11.850807064275804,16.36002886002886,24.89496753246753,51.71785714285714,11.971284271284272,0.5763,0.06826882915837422
78821239818132.0,26553.77639372635,40.0,12.675274230306158,26.16654708462335,11.013544282270976,59.239893804089945,11.941037944821426,15.33373914258686,24.03344029497764,51.013784077227385,12.041371044031647,0.63375,0.08701130840927357
78829829753431.0,38254.305555555555,40.0,12.829166666666666,34.22694444444448,9.93678564232829,52.13393818081378,12.166714290511448,22.48611111111111,29.381944444444443,49.666666666666664,12.236111111111112,0.50685,0.0681501179933548
78842714655810.0,29803.557899805928,40.0,13.056062236189241,30.468759774984402,9.450182996888426,47.43333903808912,12.42605003639668,17.885089917509703,27.613206883728274,52.33304276308956,12.412596579742301,0.6377295454545455,0.19011745940555225
78847009622675.0,30331.512626262625,40.0,12.811313131313133,31.95514141414144,9.942371409581241,51.56274517227157,12.14848837067438,17.668686868686866,28.850606060606065,40.40404040404041,12.223232323232324,0.5790666666666667,0.0766403228044509
78864189492271.0,27113.51712614871,40.0,13.051378446115288,28.47053467000838,9.519012464630949,47.69223951241249,12.416777615139893,16.386800334168758,26.50860484544695,52.53801169590643,12.396407685881371,0.74415,0.18063774704933164
78877074394049.0,24664.7242281528,40.0,12.97050431711146,33.001140502354815,9.636147953189482,48.67989663398563,12.328094453565495,14.399273940345369,27.968180272108842,44.60697278911565,12.384268707482992,0.6199,0.11043342202901837
78902844197709.0,25491.3,40.0,12.969999999999999,36.01300000000002,9.930208468274458,49.77219834654494,12.307986102115038,15.5,30.58,34.8,12.2,0.6099,0.0752017125487327
78902844198100.0,26136.52380952381,40.0,12.938095238095238,29.006190476190508,9.609697202754877,46.14103419254606,12.297448757911578,14.952380952380953,30.505000000000003,58.45,12.4,0.7889999999999999,0.12088772654533379
78984448576478.0,25392.337645687647,40.0,12.784275446775446,31.828525641025674,9.988808487951827,48.40428586184742,12.118354880911992,14.697435897435897,29.929622507122506,42.732718207718214,12.15623543123543,0.5678583333333334,0.12777474770943323
78988743543206.0,32020.333333333336,40.0,12.716666666666665,27.33500000000003,10.675366615765274,53.869380922088936,12.004975558948981,18.833333333333336,27.6,55.33333333333333,12.166666666666666,0.5405,0.08235850185155866
78988743543605.0,23169.459401709402,40.0,12.76822066822067,35.317606837606874,10.225788899804227,50.05671500517761,12.08650140823372,14.094017094017095,27.765073815073816,34.138888888888886,12.053613053613054,0.6049333333333333,0.0673318058252334
78997333477962.0,35339.616988062444,40.0,12.72376492194674,32.65664095500462,10.453741388638962,52.230255709438126,12.026848829370808,20.941230486685033,27.801432506887053,47.941781450872355,12.079063360881543,0.5290136363636364,0.061384764584627965
78997333479365.0,29375.88,40.0,13.152000000000001,40.69400000000003,9.128573576391226,39.23772148766435,12.543428428240587,17.0,31.048000000000002,50.08,12.46,0.1991,0.0078540295362472
79066052954684.0,25775.900000000005,40.0,12.74,33.852000000000025,10.835001690295124,52.44724799813205,12.017666553980325,15.4,27.429999999999996,43.76666666666667,12.0,0.44825,0.05768169835209839
79121887530410.0,26191.582415100427,40.0,13.133112581000779,33.30842136538413,10.002543368549023,44.060519563317996,12.466276356430845,15.28673334946627,31.373933344088623,53.10425102847463,12.468970987604527,0.6053785714285714,0.10566281527280803
79134772431911.0,30516.714285714286,40.0,13.1,28.765714285714314,10.306048259665195,47.67215572126776,12.41293011602232,18.428571428571427,39.01428571428572,28.071428571428573,12.428571428571429,0.7191000000000001,0.1821671575307846
79177722103831.0,28266.89002065643,40.0,12.491683264652014,26.78684149184152,12.004641640120255,57.653712410335544,11.691373821977331,16.9005301989677,25.993784808941058,50.99559034715285,11.78410990051615,0.642521875,0.08786862902343269
79212081843434.0,27288.9768907563,40.0,13.032142857142858,29.658235294117674,10.122763599514887,45.86966890928702,12.357291950508532,15.48109243697479,30.339285714285715,49.079831932773104,12.340336134453782,0.7741,0.10403836518526074
79229261712077.0,31935.666666666668,40.0,12.733333333333334,36.47222222222225,11.025246264006357,50.97116218097898,11.998316915732909,18.22222222222222,30.170370370370375,38.629629629629626,11.944444444444445,0.44245,0.0684476196765899
79246441581341.0,22212.0,40.0,12.813636363636364,34.404545454545485,10.991815640225168,50.21591457417124,12.080848654288019,13.636363636363637,28.15,37.59090909090909,12.09090909090909,0.500175,0.072123147547245
79285096287073.0,22380.872278306488,40.0,12.844303678777363,34.027458401247905,11.073954041801107,49.51372596725813,12.106040075990624,13.471028094712304,29.901385339806392,39.09778321094111,12.09490158963843,0.5588105263157894,0.08141594811489704
79297981189088.0,28870.905555555553,40.0,12.979583333333332,30.869861111111145,10.89299155631168,48.28783272191914,12.253383896245888,16.540277777777778,27.8275,45.5625,12.291666666666666,0.5915666666666667,0.1355603064099947
79310866091294.0,22578.924901185772,40.0,13.17786561264822,32.377127799736535,10.581932841841894,45.46100939095941,12.472403423192096,13.862977602108037,30.25368906455863,53.276021080368906,12.440711462450594,0.4671166666666667,0.08950460453828174
79366700666222.0,27442.0,40.0,13.123809523809525,35.6766666666667,10.591939064605826,44.65694726173608,12.4176802528358,16.285714285714285,29.619999999999997,53.6,12.3,0.59755,0.091761477291584
79375290600020.0,34621.813888888886,40.0,12.780277777777776,32.90938383838387,11.6351424117337,52.16565428023992,12.004601616995531,20.641666666666666,28.899772727272726,43.31363636363636,12.144318181818182,0.49917500000000004,0.054368243552744375
79383880534415.0,29508.153846153848,40.0,12.623076923076923,30.457692307692337,12.082424805427488,54.10879228719899,11.817581936048423,17.076923076923077,24.753846153846155,49.61538461538461,11.807692307692308,0.45715,0.0786443054676055
79388175502614.0,22159.566666666666,40.0,13.181851851851853,36.63170370370374,10.922374802703361,45.42314567754759,12.453693531671627,13.618518518518519,30.614259259259256,49.42407407407407,12.409259259259258,0.5897,0.10104232778151827
79413945305304.0,27388.63521645838,40.0,12.800410075014854,27.04148102833308,12.399589608504398,55.742753691924555,11.973770767781227,15.63634077659813,23.889982338943735,58.15917466418386,12.060382053948231,0.5795614583333334,0.0928741204552352
79418240273112.0,32774.16428571429,40.0,12.742857142857144,34.57900000000003,11.602023553434496,50.90272538437772,11.969388905961509,18.771428571428572,27.455714285714286,38.385714285714286,12.035714285714285,0.5867500000000001,0.0716254152357578
79456894979000.0,26648.4786001036,40.0,12.884336959336958,35.26644004144007,11.398025625707417,48.76594571188821,12.124468584289799,15.364316239316238,29.502703315203316,41.03736078736079,12.105510230510228,0.5217,0.1019811257719993
79474074847114.0,27265.947368421053,40.0,12.457894736842105,25.823684210526338,13.468126130594218,59.3760875701777,11.560019661469157,15.894736842105264,23.242105263157896,54.421052631578945,11.605263157894736,0.5887,0.0724083110690116
79474074848470.0,27222.125,40.0,12.95625,32.05750000000004,11.110733176668989,46.14077556468495,12.215534454888735,15.5,31.637500000000003,46.875,12.25,0.7384000000000001,0.1123207211494445
79478369814674.0,23298.076923076922,40.0,12.761538461538462,26.530000000000026,12.851686623662705,56.69761258579808,11.904759353294281,13.615384615384615,25.553846153846152,50.38461538461539,12.038461538461538,0.63185,0.11569955945014951
79478369814733.0,23989.525490196076,40.0,12.799999999999999,25.716980392156895,12.73648426157991,56.08714084244306,11.950901049228007,13.788235294117648,22.015882352941176,60.74901960784314,12.115686274509804,0.50565,0.1067466139793396
79495549685187.0,25407.55340909091,40.0,13.161931818181818,39.24086363636366,11.11038313723629,43.80475285255835,12.421239609032733,14.794318181818182,32.32488063407181,40.34012605042017,12.364419404125286,0.4951625,0.0808564536273479
79499844651676.0,39443.08843537415,40.0,12.774149659863946,36.93054421768711,11.939974363174104,51.47868326090274,11.978151368985673,23.01360544217687,31.135714285714283,41.92857142857143,12.156462585034012,0.462,0.05919983716947689
79508434586608.0,28474.67668187668,40.0,12.963740493740493,31.660412093912125,11.57624512869579,48.14658225991411,12.191990818494109,16.06665594165594,28.563085488085488,45.38061015561016,12.196757146757147,0.5889391891891893,0.14743235787829834
79512729554301.0,28008.55,40.0,13.1,40.17800000000003,11.013457887188064,44.492727488139785,12.365769474187463,16.6,30.79,42.05,12.3,0.45525000000000004,0.0801083296537399
79529909423579.0,26382.68181818182,40.0,13.145454545454545,39.74636363636367,10.95232807084638,43.7009918005952,12.415299340731453,15.272727272727273,31.54090909090909,47.72727272727273,12.363636363636363,0.475,0.0895532816648483
79542794325166.0,25789.883928571428,40.0,12.817410714285714,31.81946428571431,11.287920016128716,46.42615357300443,12.064882713210466,15.026785714285715,32.14642857142857,45.25,12.107142857142858,0.6611,0.10458193719387049
79559974194266.0,28813.576923076922,40.0,12.86153846153846,32.78230769230772,11.442075598647392,47.24678200582483,12.098733421628635,17.307692307692307,26.653846153846153,50.269230769230774,12.115384615384615,0.71155,0.1790179163217544
79572859095670.0,31998.4,40.0,12.695,33.632000000000026,12.248758192923125,51.82184867081713,11.878416120471792,18.85,29.440555555555555,44.08888888888889,11.916666666666668,0.602225,0.0664561279118061
79572859095772.0,29934.5,40.0,12.684242424242425,32.591757575757605,12.087821804069174,50.82672000692173,11.87838763730448,17.1030303030303,28.377878787878785,43.93030303030304,11.872727272727273,0.543,0.07685644676287963
79598628900093.0,23207.35031512605,40.0,13.024799719887955,35.37448837535017,11.437759188827656,45.61279837991233,12.262282440632777,13.155854341736694,32.109695378151265,47.07468487394958,12.318697478991597,0.5736399999999999,0.12308294475078581
79607218833655.0,24892.09126984127,40.0,12.886111111111111,28.480714285714313,13.02808197268544,55.548974909036716,12.017572312932082,13.964285714285715,24.776984126984125,58.47619047619048,12.186507936507937,0.4953000000000001,0.07980129867792124
79632988638584.0,27925.210025062657,40.0,13.103358395989975,39.35829072681707,11.299388824038175,44.50157612827024,12.350065807720764,16.550375939849623,32.29578947368421,45.87518796992481,12.316541353383458,0.5266299999999999,0.0768327727913856
79637283605159.0,33576.4369070166,40.0,12.709592803030302,34.90357490079368,12.384476786054883,51.32497912255232,11.883961017293311,19.621108405483405,28.781726641414142,43.05740891053391,11.902712391774893,0.5096125,0.07077781436964865
79671643343900.0,26516.33468013468,40.0,12.812693602693605,29.833764309764344,12.003580466967476,47.88028872203841,12.01245490489577,16.403030303030302,27.244377104377104,51.102356902356895,11.996632996632997,0.6743166666666666,0.19011953473091125
79675938311064.0,24431.017249417248,40.0,12.760337995337995,33.91764996114999,12.079118629724194,49.02770609147811,11.955063420023048,14.286130536130536,29.42588578088578,43.07480574980575,11.97940947940948,0.5551333333333334,0.09949426352977751
79774722558524.0,27821.05555555555,40.0,12.818253968253968,29.14015873015876,13.03838918477048,52.44033044603113,11.949028022602603,16.833333333333332,28.459523809523812,44.416666666666664,12.023809523809524,0.5855333333333334,0.07588094472885126
79800492362996.0,26003.452387876998,40.0,13.028435750695813,34.91330498706663,11.973714353981414,45.58759651365302,12.230188127097051,14.840938799762329,31.38904652451092,52.36126590987272,12.211201131170172,0.5600227272727273,0.1371262574737722
79813377263653.0,28530.853146853144,40.0,12.548601398601399,24.197342657342688,14.141840561006726,57.79274773856962,11.605812027867618,17.108391608391607,25.65944055944056,63.74125874125873,11.744755244755245,0.629175,0.0923658460378646
79821967198940.0,31190.956493506492,40.0,12.658766233766233,34.337896103896135,12.917048763918547,50.82345275987842,11.797629649504998,17.77467532467532,27.278376623376623,43.432792207792204,11.922077922077921,0.5709000000000001,0.0753897183707782
79847737002532.0,31441.66175388232,40.0,12.789969909123135,32.47026932476129,13.45068788095192,52.51574779751594,11.89325738372634,19.07678786267496,27.652038364860946,46.97051662495211,11.939628069063552,0.5490846774193548,0.07498863075048688
79907866545381.0,25301.69230769231,40.0,12.884615384615385,35.488461538461564,12.35590147303532,45.91757080235367,12.060888619746361,14.461538461538462,31.161538461538463,48.46153846153846,12.115384615384615,0.55525,0.1433188170194625
79950816218502.0,26753.285714285714,40.0,13.128571428571428,36.619523809523834,12.191333889556848,44.39424824137443,12.315815835934306,15.714285714285714,29.214285714285715,54.666666666666664,12.166666666666666,0.5145000000000001,0.103493258357048
79980880988741.0,29654.914682539682,40.0,12.94920634920635,30.03956349206353,13.618172651492147,52.29433613321552,12.041328172440206,17.873015873015873,28.080952380952382,49.507936507936506,12.041666666666666,0.6634625000000001,0.07244608364999287
79998060858597.0,24540.0,40.0,12.984615384615385,35.582307692307715,12.566442388374822,45.97383128034499,12.14685255872373,14.076923076923077,30.54615384615385,52.84615384615385,12.192307692307692,0.48555000000000004,0.1459646522998809
80019535694877.0,26992.825,40.0,12.990796703296702,31.12065384615388,13.067033335162552,47.76591166524226,12.119661147619201,16.571978021978023,29.691263736263735,45.753296703296705,12.027472527472527,0.6454,0.18963952362537378
80028125629122.0,33553.081835016834,40.0,12.777619528619528,33.801596296296324,13.805801367888726,51.00979761614646,11.85723277076028,19.24228956228956,28.808978114478116,44.66218855218855,11.834478114478115,0.5598433333333334,0.06943229933579757
80036715563133.0,31627.364267676767,40.0,12.796085858585858,22.480037878787908,14.77018809730147,56.90605549409191,11.811406652099095,18.76641414141414,25.21875,48.635732323232325,11.901515151515152,0.6134,0.09334897808730595
80045305499165.0,24910.36447368421,40.0,13.12078947368421,38.44918421052634,12.359491049383344,43.10510651996954,12.296823403725321,15.392105263157895,32.43276315789474,37.66315789473684,12.218421052631578,0.45589999999999997,0.0843775272369384
80058190400335.0,22347.377622377622,40.0,12.778321678321678,33.85118881118884,13.437146526025405,49.72623393288602,11.882511909919984,13.503496503496503,29.634965034965035,36.60839160839161,11.91958041958042,0.464075,0.07287966459989545
80058190401169.0,25786.672372321722,40.0,13.106841411406627,39.78086524924354,12.41779726384686,41.91267353448395,12.278988260483505,15.203278187191232,32.618568949568946,47.41935138935139,12.21930872670003,0.44925277777777783,0.047510716236299884
80165564582645.0,28934.18181818182,40.0,12.872727272727273,33.580909090909124,13.827239833933477,50.6252711986302,11.950911283798375,16.363636363636363,29.645454545454548,41.36363636363637,11.954545454545455,0.57615,0.0717373266816139
80169859550856.0,26350.08658008658,40.0,13.023051948051947,38.998203463203495,12.638129126460544,42.03640268869228,12.18051000628791,15.462121212121213,31.551435406698566,42.96291866028708,12.160287081339714,0.42595000000000005,0.0430013313889503
80169859550908.0,26468.846153846152,40.0,13.100000000000001,38.45461538461541,12.525632695533686,41.6057627749052,12.264957820297754,15.384615384615385,31.38076923076923,55.34615384615385,12.192307692307692,0.4238,0.0354142487049102
80187039419123.0,29959.153846153848,40.0,12.8,32.39461538461541,14.10932256657447,50.660462424144,11.859378495561703,17.0,27.946153846153848,45.30769230769231,11.884615384615385,0.7258,0.0696826428174972
80199924320727.0,37391.88888888889,40.0,12.661111111111111,34.253333333333366,14.506323022014337,53.43926495267566,11.69402290964349,21.5,28.038888888888888,53.47222222222223,11.777777777777779,0.5039,0.0488532874733209
80268643796586.0,27760.71052631579,40.0,12.395029239766082,22.21450292397664,17.31910390057326,62.42358438043738,11.240422313061197,16.453216374269005,25.893859649122806,47.23391812865497,11.22953216374269,0.64715,0.06565617024898525
80272938765097.0,24862.454545454544,40.0,12.754545454545456,36.91181818181821,14.100234918627546,50.13341451603091,11.814529793303619,15.363636363636363,26.172727272727272,44.72727272727273,11.954545454545455,0.41425,0.0748338177800178
80298708569329.0,27000.1875,40.0,13.1375,36.41375000000003,13.498291949220784,45.89387513935565,12.237613870051948,15.625,32.1125,40.375,12.1875,0.62875,0.1547122299671173
80307298502536.0,31344.916666666668,40.0,12.4,24.771666666666693,16.537824804999005,59.39637202086984,11.2974783463334,18.0,27.125,59.083333333333336,11.25,0.7639,0.0731763616204261
80311593469909.0,32133.42424242424,40.0,12.491666666666667,28.482878787878818,16.239963543280396,58.58739076000106,11.409002430447973,18.234848484848484,27.388257575757574,43.20454545454545,11.503787878787879,0.5729,0.09012525156140319
80324478371697.0,35006.357142857145,40.0,12.62857142857143,29.312857142857172,16.618851130241165,59.61957232410007,11.520648019888684,20.428571428571427,26.064285714285713,63.642857142857146,11.5,0.493,0.0787167847156524
80358838111464.0,26266.38125,40.0,13.1175,35.71600000000003,13.542624331894142,45.93438161332516,12.214658377873723,15.125,31.921666666666667,46.49166666666666,12.133333333333333,0.55935,0.1572598218917846
80384607914792.0,27300.43024671407,40.0,12.901156498730028,34.65208730321969,14.435268295927926,50.06682151399856,11.9388052790015,16.496423837600307,28.413576488870607,38.524820114525994,12.009421787362964,0.5221838235294117,0.07755546797724329
80397492817056.0,29162.94155844156,40.0,12.87857142857143,30.897597402597434,13.820109731349024,46.6269468934411,11.957230779814827,16.98051948051948,28.019285714285715,49.85,11.82857142857143,0.59215,0.1820624321699142
80406082751482.0,28441.25,40.0,12.713636363636363,37.739818181818215,14.073339850623688,48.16604129484637,11.775413706928118,16.28181818181818,35.01045454545455,34.03181818181818,11.831818181818182,0.5224500000000001,0.14038597792387003
80414672686343.0,25079.6,40.0,13.11,33.16300000000004,13.738155913087741,45.57788986140532,12.194122939127485,15.3,29.089999999999996,47.45,12.1,0.6453500000000001,0.1736427247524261
80440442489835.0,26394.54700854701,40.0,12.784966422466423,31.912570207570237,14.300054668667547,48.2713429662235,11.831629444555253,15.20558608058608,30.803311965811968,41.412240537240535,11.931623931623932,0.5870916666666667,0.13323052475849786
80444737457657.0,30035.894736842107,40.0,12.926315789473684,36.69421052631582,13.559800789152012,43.47230234396818,12.022329070196884,17.05263157894737,27.678947368421053,72.84210526315789,11.973684210526315,0.42395,0.11579831689596172
80470507260835.0,27710.81818181818,40.0,12.8,32.826363636363666,14.549052357858981,48.99802482849936,11.830063176142737,16.363636363636363,32.38181818181818,35.72727272727273,11.863636363636363,0.5980000000000001,0.10935094952583312
80530636802793.0,28134.824175824175,40.0,12.791758241758242,32.30835164835168,15.087959245223711,50.75652149381259,11.785894292076662,15.895604395604396,27.430906593406593,40.401098901098905,11.760989010989011,0.5895375,0.06055973097681995
80534931770526.0,31488.730392156864,40.0,12.768872549019607,32.85750000000004,14.275715408750822,46.61858905169993,11.817158188436219,18.41176470588235,31.695465686274513,44.154411764705884,11.825980392156863,0.5226666666666667,0.1950256824493408
80595061311323.0,29828.923076923078,40.0,12.63076923076923,26.940769230769263,17.614795809629356,59.81673147717818,11.456449510127273,17.923076923076923,25.666666666666668,46.333333333333336,11.5,0.76305,0.1103506088256836
80603651248193.0,26499.76,40.0,13.107999999999999,36.510000000000026,13.288531376565636,38.1949830018213,12.222097908228957,15.8,29.576,58.76,12.14,0.2854,0.0356556884944438
80616536149287.0,28470.080409356724,40.0,12.996783625730995,32.58307017543862,14.399565454143264,45.373072202267906,12.036812595454776,17.301169590643276,31.042879256965946,39.87925696594427,12.027863777089784,0.6426000000000001,0.2038532942533493
80659485820828.0,30153.384615384617,40.0,12.623076923076923,26.563846153846182,17.59378006636447,59.20176347359428,11.450158251985957,17.384615384615383,23.184615384615384,52.69230769230769,11.576923076923077,0.60685,0.0962448045611381
80672370724045.0,29824.445297270955,40.0,12.819072855750486,31.326972465886968,14.488406353981594,46.08123021558425,11.85317909881838,17.371832358674464,30.776486354775827,51.30330165692008,11.9541910331384,0.69855,0.20949806769688917
80689550593627.0,27425.045454545456,40.0,12.945454545454545,37.82636363636367,14.20108194805228,42.46793442269002,11.998715748917727,16.363636363636363,29.504545454545454,61.09090909090909,12.0,0.33714999999999995,0.0858132243156433
80745385166717.0,31271.094737529627,40.0,12.617658263305321,26.19010614540691,18.011285363566028,59.34047440222673,11.416905905734254,18.279128039036127,25.15029510685393,49.32852453714586,11.438929452900041,0.61413625,0.104382124915719
80822694578977.0,25753.425264550267,40.0,12.81547619047619,34.324960317460345,15.829747798685139,50.196152581485876,11.760159670563846,15.854497354497354,27.911640211640208,49.91600529100529,11.878968253968253,0.5297166666666667,0.07517212380965546
80822694579962.0,28356.812198067633,40.0,13.071644237405108,37.60397860593516,14.70320199490959,40.704150378302664,12.091430771077802,16.21437198067633,31.67901515151515,49.48156565656566,12.105303030303029,0.4107,0.0634080879390239
80861349284971.0,26666.283066239313,40.0,12.961621017871018,32.07570435120438,15.430821011590183,47.03259800492466,11.932899617098338,15.83281857031857,29.680922688422687,50.943076830576835,11.889414751914751,0.6998291666666666,0.1804151510198911
80887119087080.0,26340.488888888893,40.0,12.33550505050505,24.552471380471413,20.266027172939484,63.82460123135568,10.984436572309084,15.267845117845118,23.713367003367008,46.806902356902356,11.036700336700337,0.5749000000000001,0.033086334044734565
81007378173593.0,29231.836923076924,40.0,13.067076923076922,36.188676923076954,14.974827392396737,41.99181613725887,12.06875509691714,17.083846153846153,32.73475,51.45666666666666,12.070833333333333,0.39115,0.0914577394723892
81028853008952.0,27664.288359788363,40.0,12.999867724867725,31.78267195767199,16.91308937235385,52.42967616724743,11.872328433377469,16.636243386243386,28.497949735449737,41.72420634920635,11.783730158730158,0.45921666666666666,0.06840828557809187
81114752355304.0,28238.257253090844,40.0,12.819798790202304,33.88615165027865,16.35769049974295,48.228432384234814,11.729286090219441,16.286733585639613,29.095158237267274,45.979146333898846,11.747051539644797,0.5407414634146341,0.09921574610762471
81123342289946.0,26793.866744366747,40.0,12.86103341103341,36.91898989898993,16.252995266109092,47.805832139014974,11.777500393292804,16.441724941724942,30.730749805749806,37.852952602952605,11.772144522144522,0.4544166666666667,0.1032682980100313
81140522158983.0,24470.01411921412,40.0,12.924711954711954,32.603143745143775,16.628560079601538,49.21057035749022,11.816141282738519,14.439638139638141,28.64171322504656,43.66897670231003,11.877427510760844,0.5884277777777779,0.09404304706388047
81144817126081.0,28741.129166666666,40.0,12.759583333333332,32.14675000000003,17.02193156996741,51.136459199071446,11.624787895335507,16.4375,28.945,40.175,11.679166666666667,0.509825,0.07412984780967233
81213536603373.0,27088.36111111111,40.0,12.928333333333335,32.567444444444476,15.83956302328728,45.81700692584583,11.872362465114183,15.544444444444444,27.7978431372549,54.77843137254902,11.964705882352941,0.659125,0.1734272167086601
81226421504352.0,31324.058823529413,40.0,12.676960784313724,23.087349439775938,18.504502406419203,54.469756517475425,11.443327290552446,18.77065826330532,22.212464985994398,64.79464285714286,11.551960784313724,0.5565375,0.11452741734683511
81282256079964.0,23223.53846153846,40.0,12.846153846153847,35.711538461538495,16.61087825755761,47.226566671199016,11.738761962316671,14.153846153846153,30.54615384615385,29.76923076923077,11.653846153846153,0.50025,0.10904283076524732
81286551046645.0,36572.833333333336,40.0,12.555555555555555,30.30333333333336,18.023922790384074,53.14003920603471,11.353960702863283,21.0,24.72777777777778,50.83333333333333,11.166666666666666,0.41525,0.0656409710645675
81363860459622.0,24019.979876160993,40.0,13.052476780185758,38.545479876161025,15.096997843059043,37.64743437661499,12.046010257315157,14.227554179566564,29.25371517027864,44.416408668730654,11.972136222910216,0.525825,0.02317279204726215
81402515164153.0,27487.611898864812,40.0,12.740288957688339,32.925787822497455,17.104957802032043,48.18262513757425,11.599958437552868,15.847884416924666,27.683909829721365,47.521505847953215,11.640194788441693,0.6114400000000001,0.07812876477837558
81428284968430.0,29590.764705882353,40.0,13.08235294117647,36.013529411764736,16.444201519280856,43.51725900078902,11.98607283989108,17.176470588235293,32.35294117647059,39.11764705882353,12.088235294117647,0.2905,0.1049435660243034
81462644706033.0,20641.25,40.0,12.975,35.50750000000003,17.982158849917496,50.6776500291545,11.7761894100055,11.25,26.9375,46.625,11.875,0.34275,0.0750524252653122
81531364183014.0,24879.992156862747,40.0,12.755882352941176,37.760196078431406,17.586025689632528,48.36096643829671,11.583480640299008,14.323529411764707,28.29607843137255,49.17058823529412,11.588235294117647,0.4546,0.07434232532978055
81544249084810.0,29312.590909090908,40.0,12.79090909090909,33.37000000000003,17.64195173504485,49.21789864234371,11.614778975239435,17.272727272727273,26.177272727272726,44.0,11.681818181818182,0.41525,0.099023200571537
81574313854658.0,33480.0,40.0,12.4625,24.567500000000027,21.85208334027262,61.47767081486887,11.005694443981824,19.375,24.474999999999998,52.8125,11.0625,0.6898,0.079910397529602
81612968561708.0,22773.533333333333,40.0,12.846666666666666,35.7806666666667,17.653786189240687,47.70424341244835,11.669747587383956,13.733333333333333,33.32666666666667,36.266666666666666,11.7,0.58005,0.065302737057209
81681688038235.0,23507.11153846154,40.0,12.961153846153847,30.321307692307727,18.374185178132244,49.66666926101409,11.736208167611696,13.788461538461538,26.972692307692306,45.142307692307696,11.765384615384615,0.615325,0.0829698368906974
81694572940267.0,26991.352941176472,40.0,12.794117647058824,35.97470588235298,18.064995570187364,48.29186374927145,11.589784609046333,15.529411764705882,26.776470588235295,45.294117647058826,11.558823529411764,0.4544,0.0720635950565338
81711752809262.0,25559.36919191919,40.0,12.816868686868688,31.30991919191922,18.336473074156235,49.8709622325942,11.594437148591604,15.316161616161615,25.398989898989896,48.46363636363636,11.61868686868687,0.6062166666666666,0.08313303192456556
81801947121440.0,32462.214743589742,40.0,12.458653846153847,28.79128205128208,22.349846102217207,60.45337963008391,10.968664106006031,19.849358974358974,25.9875,50.20833333333333,11.125,0.601425,0.0795919820666313
81810537057032.0,28132.571428571428,40.0,12.878571428571428,29.217142857142882,18.84522677701406,50.3620928249053,11.622222976770491,16.714285714285715,27.27857142857143,44.14285714285714,11.714285714285715,0.7473750000000001,0.0748642459511756
81857781697339.0,24649.916666666668,40.0,12.875,27.34000000000003,18.933401041244892,49.950207890149024,11.612773263917006,14.666666666666666,25.05,52.25,11.666666666666666,0.5987500000000001,0.09438774734735482
81857781697419.0,30209.833333333336,40.0,12.869444444444444,30.202500000000033,18.763462470547545,49.22187839003392,11.618546946407942,17.625,28.491666666666667,45.56944444444444,11.73611111111111,0.6708750000000001,0.0861781165003776
81862076664439.0,28002.108571428573,40.0,12.994476190476192,31.67921904761908,19.477756504186825,51.78191385360269,11.695959090197068,16.493333333333332,29.709333333333337,44.94285714285714,11.593333333333334,0.56218,0.061437174677848795
81887846467923.0,33410.13333333333,40.0,12.673333333333334,25.720666666666702,20.513710913687166,54.75479117501381,11.305752605754188,19.866666666666667,27.78666666666667,50.53333333333333,11.366666666666667,0.6211500000000001,0.1054667830467224
81887846468419.0,22282.541666666664,40.0,12.983333333333334,30.067727272727293,19.08517546380103,49.79670110683362,11.710988302413265,13.253787878787879,24.729166666666664,51.10416666666667,11.75,0.6970000000000001,0.1015494242310524
81917911240508.0,24230.8,40.0,13.124,40.63320000000002,17.272305635017343,40.40953311260044,11.97251295766551,14.6,33.844,43.76,11.94,0.2989,0.0794795379042625
81922206206873.0,31497.0,40.0,12.765,33.82300000000003,18.904949746973386,49.077704505223394,11.504670016868442,18.15,26.43,45.900000000000006,11.6,0.5102,0.0917408242821693
82008105551224.0,27651.747563352827,40.0,12.526023391812865,23.539317738791453,25.474535153996595,65.0352100081908,10.827721048213093,16.54093567251462,22.787426900584794,47.54580896686159,10.996101364522417,0.5112166666666667,0.0151278441771864
82025285422015.0,28646.0,40.0,12.771428571428572,27.96571428571432,19.12889694963007,48.75415213278535,11.496168774786568,16.642857142857142,27.0,48.857142857142854,11.571428571428571,0.7421,0.0986518934369087
82051055224512.0,31828.52608861727,40.0,12.5185117683437,25.05582047364403,23.820743967632733,61.48131835953058,10.930462170501519,18.684117283276947,25.35175479282622,43.850958565244284,10.994418676561533,0.6349142857142857,0.07197482351745874
82085414964260.0,23450.65421865716,40.0,13.044070386199323,32.728197483853315,19.048380798008427,47.51639984607102,11.774178332998762,14.196531961128573,28.991998566196344,46.74870759261581,11.836630161962525,0.5637294117647059,0.07610848195412574
82184199211822.0,24530.946428571428,40.0,12.755357142857143,30.58285714285718,19.94766816686169,50.12394784449443,11.425512598399697,14.875,28.021428571428572,63.50892857142857,11.375,0.592225,0.1004528924822807
82295868361279.0,32355.164931364932,40.0,12.764385984385985,27.169338883338913,21.06237238187971,52.229088857279436,11.360227825594002,19.308794908794905,25.142175232175234,52.26037851037851,11.377296777296777,0.5601666666666667,0.0645253884295622
82334523066097.0,32660.46323529412,40.0,12.756862745098038,23.715147058823554,24.545574347449765,60.963048191841196,11.120491121934721,18.91421568627451,25.7096256684492,48.48663101604278,11.21657754010695,0.63985,0.0684212818741798
82570746268868.0,25161.970588235294,40.0,12.870588235294118,32.99352941176473,20.18983971552381,46.215717446539685,11.524598920925865,14.823529411764707,29.861764705882354,48.44117647058823,11.5,0.5697,0.0700290575623512
82613695940392.0,31237.29576069463,40.0,12.583418675364884,26.838060322374595,24.897645792495318,60.262356868920506,10.92357562253186,18.929921556341835,24.875917978156174,45.32100981620719,11.009004005110816,0.660475,0.07223474755883211
82656645613439.0,28780.255928853756,40.0,12.550494071146245,25.078069828722036,24.77500401485166,59.43675884229441,10.898827136822801,16.932806324110672,21.143876811594204,61.931291172595515,10.919762845849803,0.6894083333333333,0.055369685714443485
82678120449777.0,29707.266666666666,40.0,12.726666666666667,26.03133333333336,25.71068171395201,60.98079764358443,11.012621219069867,17.066666666666666,24.733333333333334,50.86666666666667,11.033333333333333,0.647,0.0641763880848884
82691005352785.0,26674.090909090908,40.0,12.927272727272726,28.051818181818213,21.43564789289132,49.80694589150392,11.498229534413307,15.727272727272727,27.736363636363638,50.90909090909091,11.5,0.63685,0.1074451431632042
82712480189345.0,29162.178571428572,40.0,12.875,28.773571428571454,21.22139477592482,49.017435295385006,11.460240348271679,17.107142857142854,24.99203296703297,53.18681318681319,11.425824175824175,0.6360000000000001,0.11483436077833169
82738249993149.0,27030.5,40.0,12.975,29.948333333333355,21.286972545567323,48.68727899428682,11.555868496962178,15.916666666666666,26.95,48.083333333333336,11.416666666666666,0.65445,0.112221747636795
82742544959599.0,28334.505228758168,40.0,12.852875816993466,25.063516339869313,24.211306011996786,56.93657581125222,11.238788749527012,16.98104575163399,24.91509803921569,53.09477124183007,11.166013071895426,0.6105166666666667,0.10233958065509789
82927228553908.0,29306.55,40.0,12.837499999999999,31.844000000000033,22.52695267785797,51.253041281338525,11.335703154809469,17.025,26.94625,47.6125,11.3375,0.55645,0.0757484808564186
82970178226416.0,31117.37857142857,40.0,12.587142857142858,27.537190476190503,24.394689515553782,55.72438033762559,10.960830222772604,17.814285714285713,24.87912087912088,66.8434065934066,10.945054945054945,0.62845,0.1163326948881149
82974473194513.0,25699.1,40.0,12.930000000000001,34.48100000000003,21.739807634847917,47.96398604881159,11.48067949101014,15.7,27.464999999999996,49.45,11.5,0.58175,0.1039687246084213
82974473194701.0,24696.3,40.0,13.025,34.32300000000002,21.264512053561116,46.211229361329394,11.607365863095927,14.35,28.589999999999996,45.15,11.6,0.47675,0.0823185071349144
83103322212126.0,30567.576923076922,40.0,12.661538461538461,25.28846153846157,26.870794887274382,60.4883701960503,10.870152135720168,18.692307692307693,23.52307692307692,57.769230769230774,10.961538461538462,0.6741000000000001,0.0881984010338783
83339545413610.0,30055.2,40.0,12.58,25.132666666666697,26.731383322388925,58.38366112152069,10.797907778507405,17.333333333333332,21.900000000000002,55.0,10.857142857142858,0.6007,0.0795998126268386
83361020251171.0,27712.473684210527,40.0,12.978947368421052,31.19000000000003,22.90010140176296,47.77889768228515,11.452273941636856,16.63157894736842,26.76842105263158,58.05263157894737,11.5,0.54,0.10826526582241049
83382495086930.0,30681.692836792834,40.0,12.784330484330484,26.205323565323596,25.26183504283588,54.7453448171599,11.100208148141427,18.244770044770046,24.16190476190476,51.99145299145299,11.137973137973137,0.6505555555555556,0.11011572182178496
83751862276150.0,26742.515873015873,40.0,13.120282186948856,37.92077601410938,21.738249922213242,38.246493050823695,11.671065525467972,15.91358024691358,31.67680776014109,46.85890652557319,11.704585537918872,0.22519999999999998,0.0385721437633037
83962315673151.0,26233.11111111111,40.0,13.06111111111111,33.27111111111114,23.366322712406,42.62160842229492,11.503356263617379,15.833333333333334,26.144444444444446,53.666666666666664,11.444444444444445,0.59645,0.083236277103424
83970905607576.0,26881.36842105263,40.0,12.963157894736844,35.992105263157924,23.816562604873475,44.33528108904366,11.375387054411943,15.736842105263158,31.99473684210526,42.73684210526316,11.447368421052632,0.5248,0.0796791687607765
83975200575271.0,24912.352941176472,40.0,13.217647058823529,41.67117647058827,22.942694735025476,40.64009539166992,11.688134076488499,14.764705882352942,34.688235294117646,46.529411764705884,11.676470588235293,0.2122,0.0600654296576976
84516366454857.0,26377.967317899493,40.0,13.166364012798795,40.44799954827784,23.795761344369257,38.0223297304026,11.579979923174179,15.675926971579145,32.00481545266328,38.260771692076034,11.657545642763035,0.285355,0.01916762888431544
84761179590015.0,25790.229411764707,40.0,13.106323529411764,35.48589705882356,26.049270175142254,44.51598281490877,11.369705517735614,15.230882352941176,32.240030959752325,45.14349845201238,11.364860681114552,0.5774375,0.08737559057772155
84993107823716.0,24423.431888544892,40.0,12.910371517027864,32.56656346749229,27.562916486835512,47.173634912144095,11.07284375123883,14.360681114551085,28.82987616099071,46.38390092879257,10.972136222910216,0.517825,0.0686632469296455
85203561222536.0,28101.495238095238,40.0,13.232619047619048,38.277166666666695,25.123848408464838,35.326849072335435,11.557695820388059,16.483333333333334,30.364404761904762,51.398809523809526,11.585714285714285,0.18080000000000002,0.0251394677907228
85345295142173.0,27004.3125,40.0,12.8625,34.03000000000003,28.02981112173762,45.47539742369187,10.993845925217492,16.375,31.8875,42.625,11.0,0.46009999999999995,0.0399608388543129
85676007624102.0,29412.105263157893,40.0,13.063157894736841,35.36789473684214,28.62436090159777,44.196776951222574,11.154867167963658,17.31578947368421,33.44736842105263,40.36842105263158,11.18421052631579,0.39449999999999996,0.0522271692752838
86023899975397.0,27239.809822866344,40.0,13.099057971014494,35.466547504025804,29.034745348849555,41.008293770222075,11.163408281091188,15.694847020933977,30.657689210950082,50.327133655394526,11.102576489533012,0.3189166666666667,0.08143028616905211
88381837021587.0,28478.76923076923,40.0,13.176923076923078,47.260000000000026,33.38203890248134,35.11838163898578,10.951453816757654,16.53846153846154,34.81923076923077,34.34615384615385,10.961538461538462,0.22549999999999998,0.0022137332707643
