Cluster_ID,Unnamed: 0,Temp_95,Temp_98,HI_95,HI_98,RH_95,RH_98
69050189222583.0,11578.0,24.2,24.8,24.63944444444445,25.33044444444444,84.0,92.20000000000029
72297184497676.0,6598.5,29.542500000000004,30.907000000000004,30.62734301212197,32.50539405270862,87.0,88.5
72331544236022.0,6274.142857142857,27.06714285714286,28.443714285714286,27.83530741785412,29.3876578374307,85.97857142857143,87.03999999999999
72550587567916.0,16434.0,29.6975,32.409,31.31123423594726,34.96817487819371,85.375,86.5
72563472469588.0,13650.25,28.931250000000002,30.773500000000006,29.73462646652864,32.37677587881705,85.25,87.785
72593537240676.0,6579.25,27.284999999999997,29.060000000000002,28.46581289800947,30.659770159956537,84.75,86.785
72597832208218.0,8316.0,27.1,29.5,28.29930757034186,30.94809337937591,85.0,86.0
72636486913589.0,12303.0,28.721666666666664,30.913333333333327,29.679566625939586,33.036725341193026,88.66666666666667,90.04666666666667
72649371815616.0,12089.0,30.216666666666665,31.595333333333333,31.166415342277105,33.02926500235583,80.95,82.33333333333333
72735271161345.0,7057.5,26.35,27.85,27.348154866804222,29.581273234805984,88.5,90.0
72782515801582.0,18628.0,26.9,29.360000000000003,28.11659934819899,30.38587642856185,91.0,92.0
72962904427046.0,1080.0,21.7,23.3,21.80858333333334,23.398211111111117,94.85000000000002,95.0
72984379264550.0,13531.5,29.2925,31.071,30.354608600917516,33.8299286499924,95.5,97.0
73001559132787.0,12522.818181818182,22.644545454545455,24.030181818181816,22.62143939393939,24.038315389254947,93.9090909090909,94.72727272727273
73083163513001.0,7775.0,32.22166666666667,33.559333333333335,33.88811390188374,35.57699159659437,78.0,82.21333333333332
73323681681651.0,14059.0,29.025,30.03,31.5351693597401,32.66870449330612,80.0,80.0
73370926321927.0,12970.0,29.945,32.316,32.131702817731394,34.168609997748625,87.39999999999998,88.5
73413875994775.0,14948.5,35.8425,36.807,37.91888327931429,39.800520720060234,71.0,73.5
73589969653227.0,11502.0,24.2,24.78,24.63388888888889,25.230111111111103,89.0,90.0
73620034424316.0,11202.2,26.214,27.422800000000002,26.930363912540507,28.636542677829187,91.0,92.2
73628624359717.0,10485.6,30.597,31.425600000000003,32.55193899515184,33.41556344812959,80.4,82.256
73632919326473.0,7898.0,37.5,41.228,34.97310620358096,38.73858652998087,56.0,60.0
73658689129991.0,4695.75,27.668750000000003,28.546,29.2644472132929,30.68990543063,89.75,91.035
73662984097262.0,10801.5,24.695,26.266,25.171194444444446,26.92753692878221,96.0,97.0
73680163966546.0,9091.4,29.661,30.772,29.471444650285143,30.466600130728715,80.6,82.28399999999999
73727408605552.0,749.0,22.285000000000004,23.514,22.539972222222215,23.83691111111111,95.0,98.0
73731703572950.0,6459.0,22.74142857142857,23.730857142857143,22.797777777777778,23.8490618672925,85.42857142857143,87.28571428571429
73877732460890.0,5375.25,23.238750000000003,24.411499999999997,23.34311805555555,24.63783888888889,94.25,95.5
73933567037536.0,11648.0,33.3,34.3,33.79072508477739,35.126928872888904,71.0,73.0
73980811677372.0,7276.666666666667,31.294999999999998,32.699999999999996,30.121673700232055,31.394056905916454,67.95,73.98666666666661
74122545598689.0,9035.3125,33.5928125,35.049,35.6997419462371,37.57549840610498,75.3125,78.04374999999999
74186970106847.0,10263.217391304348,26.969347826086956,28.373478260869568,27.26160398096502,29.036327651274302,89.43478260869566,91.6304347826087
74191265075076.0,8237.285714285714,37.33428571428572,38.39742857142857,36.15692764882061,37.49446672482868,51.69285714285714,55.73428571428571
74247099649533.0,12664.0,28.765,31.218666666666667,30.960993793396877,34.813287596843374,90.16666666666667,91.66666666666667
74298639257389.0,10352.01052631579,34.20694736842105,35.18692631578947,32.9301975803875,34.02954023821795,54.14947368421053,59.49747368421052
74302934223885.0,10645.58064516129,28.753870967741936,30.36632258064516,29.38990914183191,31.271327241631035,87.38387096774194,89.64967741935483
74307229192366.0,15173.0,33.6,35.0,31.85925793958038,33.43717453724985,57.0,61.41999999999996
74324409060855.0,11451.0,27.3675,29.3,28.92235188076047,32.241877260401665,92.5,93.5
74337293961999.0,8866.25,25.463750000000005,26.852999999999998,25.71496979017748,27.313099761448115,93.04999999999998,94.25
74341588930160.0,12884.0,32.96333333333333,33.90533333333334,32.80164012987137,35.905824117184345,73.33333333333333,75.33333333333333
74354473832678.0,5921.5,30.35,31.05,32.21366635458911,33.10844458377378,75.0,77.0
74371653699805.0,8798.444444444445,23.06388888888889,24.842444444444443,23.12387037037037,25.1949473972113,94.66666666666667,95.66666666666667
74474732915173.0,11741.0,22.6025,24.564,22.776291666666665,24.795633333333328,92.5,93.5
74504797686530.0,7336.833333333333,26.49083333333333,28.024,26.574693897594898,28.161785363733305,91.33333333333333,93.83333333333333
74521977556006.0,9434.0,29.435416666666665,30.751833333333334,30.22529058021072,32.211926384745716,86.40416666666665,88.79833333333333
74526272522452.0,11574.142857142857,23.74285714285714,25.419999999999995,23.87543253968254,25.877622182669164,90.10000000000001,91.03142857142858
74526272522991.0,8757.75,25.31,26.375,25.51073566598178,26.537783657372103,86.5,88.25
74543452392079.0,3870.6666666666665,25.266666666666666,27.403999999999996,25.47972222222222,28.836773103430673,93.61666666666667,93.71333333333332
74620761804289.0,10323.941176470587,29.797941176470587,31.97023529411765,31.645282989978508,34.88382993598526,85.89999999999999,87.70705882352941
74625056770270.0,10987.2,23.11,24.778,23.22348333333333,25.114197777777775,94.4,95.0
74625056770716.0,5575.666666666667,25.57166666666667,27.498666666666665,25.764910862376983,28.428747079694446,90.47500000000001,92.16666666666667
74637941672143.0,8323.2,23.939,26.047999999999995,24.232272222222225,26.987356544486573,97.2,97.6
74693776247432.0,10301.8,26.764,28.891199999999998,27.390571932909175,30.6354558803271,97.0,98.0
74719546050777.0,8461.416666666666,22.91458333333333,25.262666666666664,23.16084027777778,25.934407845337137,94.75,95.59500000000001
74719546051055.0,8069.2,24.468,26.744399999999995,24.70702222222223,27.682877980134357,90.2,91.4
74723841018542.0,11008.5,24.6425,26.784999999999997,24.811083333333336,27.384806358959104,89.5,91.57
74728135986224.0,10630.103448275862,29.968793103448277,31.42758620689655,30.824604448421915,32.921798277734595,84.59827586206896,86.73586206896552
74732430954037.0,8746.4,31.205000000000002,34.619600000000005,31.108261668953297,34.24327615444031,84.4,86.0
74736725920168.0,12157.777777777777,24.975555555555555,27.5251111111111,25.290965861357428,28.48895947004855,90.31666666666666,92.47777777777777
74741020888022.0,10477.25,27.080416666666668,29.665166666666664,27.341949633627067,30.579592026831822,85.5,87.91666666666667
74753905789435.0,11515.0,27.154999999999994,29.008,27.496921942850953,29.771366687537267,94.5,96.5
74779675592870.0,9571.0,22.277499999999996,23.578,22.76352777777778,23.995905555555552,96.5,97.5
74805445398115.0,12379.333333333334,33.66499999999999,35.238,33.6557344357718,35.081931549845244,78.33333333333333,83.74000000000001
74826920233394.0,9119.333333333334,25.125833333333333,27.466666666666665,25.62755103888793,28.719707724548062,98.16666666666667,99.0
74839805135729.0,18432.0,25.69,27.816,25.688666666666663,28.214480643051733,93.0,98.0
74856985004698.0,8378.0,27.243076923076924,29.681076923076922,27.51459737633034,30.495075706800833,92.60384615384615,94.4723076923077
74904229644794.0,11234.0,25.291666666666668,28.279999999999987,25.581999999999997,30.076890332789958,90.66666666666667,92.0
74904229644834.0,12813.0,25.8,28.227999999999998,26.31630767496009,29.647574388523857,87.0,89.13999999999999
74908524612021.0,8829.166666666666,23.868333333333336,26.802999999999997,24.05838425925926,27.8998106757481,95.66666666666667,96.83333333333333
74929999448746.0,9806.0,27.2,29.496499999999997,27.573271928699743,30.87909703247682,91.25,93.57
74934294416472.0,10738.785714285714,29.892321428571428,31.280499999999996,30.54136782687044,32.694055985125196,83.64464285714287,85.71071428571429
74955769252419.0,8845.0,25.872500000000002,27.9865,26.036347222222222,29.305029757788198,92.4625,94.285
74960064219781.0,7744.333333333333,25.96666666666667,28.921999999999972,26.105833013469248,30.35814745056963,94.0,96.0
74972949121656.0,10283.727272727272,26.487272727272728,29.433636363636364,26.712369216421155,30.483427925758352,91.19545454545454,93.03818181818181
74977244088917.0,11549.25,26.6175,29.136499999999995,27.300137155690166,31.02350635144635,91.60625,94.5175
74990128991118.0,6901.25,28.6,30.4485,30.242517464166625,33.39546937625666,86.75,88.785
74994423958009.0,11198.8,25.044999999999998,28.041399999999992,25.374955626752843,29.118782322014226,95.58500000000001,96.414
74998718925250.0,9508.64,24.856199999999998,27.66096,25.205289274560837,28.932011707865044,94.52,95.6456
75003013892525.0,4437.0,22.85,25.921,23.199555555555555,26.37015344479625,99.5,100.0
75033078663264.0,7872.8,22.751,24.1916,23.098855555555556,24.682868888888883,95.4,96.2
75033078663715.0,10822.083333333334,27.146666666666665,30.141166666666663,27.641488720740984,31.788948105438916,93.58333333333333,94.84500000000001
75033078664706.0,14615.0,30.13666666666667,32.187999999999995,34.11679394319364,37.840992618717486,88.95,90.0
75063143434982.0,10871.538461538461,27.240000000000002,29.231076923076923,27.544073197127027,30.3875871714227,89.83461538461538,93.07692307692308
75067438403132.0,9322.0,33.862857142857145,35.93714285714285,35.15193864751398,38.63498070237495,86.57142857142857,89.57142857142857
75071733369848.0,8633.044776119403,31.383955223880594,34.655850746268655,32.36827075839733,37.43532644837893,83.93134328358208,86.23671641791044
75101798140565.0,7445.111111111111,25.833888888888893,28.72311111111111,26.015951091746572,30.028789134991737,89.22222222222223,91.11111111111111
75114683042656.0,14277.066666666668,26.563333333333333,29.148,26.7993247310118,30.02575664595307,87.20333333333333,89.63466666666666
75131862911401.0,11238.722222222223,25.94166666666667,28.592777777777783,26.353149247950856,30.043734999439064,93.70555555555555,94.55555555555556
75149042781680.0,8936.578947368422,30.317894736842103,33.474736842105266,34.32822711809458,39.6805916896551,90.94736842105263,92.33052631578947
75153337747990.0,5458.166666666667,26.77,29.638666666666662,27.29605092415672,31.259355744093387,95.83333333333333,97.0
75153337748569.0,10696.5,32.757261904761904,35.3277619047619,33.76538215937602,38.15742967400559,83.65595238095239,86.00547619047619
75187697487948.0,12344.111111111111,35.55222222222223,36.913111111111114,36.32467354337442,38.53125589579838,79.44444444444444,82.36666666666666
75191992453417.0,8986.166666666666,24.28027777777778,26.595555555555553,24.576350986178817,27.550439924903035,94.94444444444444,95.88888888888889
75191992453455.0,9519.5,25.4275,28.460666666666672,25.696905088784224,29.61507514790378,92.33333333333333,93.33333333333333
75191992453685.0,8797.90909090909,27.758636363636366,31.429818181818177,28.46309932504702,33.58239145558871,96.18181818181819,97.0909090909091
75191992453709.0,7187.571428571428,26.059285714285714,29.944571428571436,26.360857399264905,32.263107406662314,93.28571428571429,95.06857142857143
75204877355527.0,12298.0,26.12500000000001,29.155999999999995,26.270944444444456,30.350909174689228,85.0,86.0
75222057224916.0,10223.642857142857,26.935714285714287,29.173714285714283,27.273810656655876,30.16965591754532,89.95892857142857,92.73214285714286
75243532061126.0,8933.214285714286,25.610000000000003,28.74542857142857,26.343059103655726,30.532899379558,95.5,96.21428571428571
75260711930499.0,11592.7,27.444499999999998,30.671099999999996,27.995443576734893,31.930796931138907,89.9375,92.05699999999999
75260711931255.0,8795.41935483871,32.33854838709677,34.730774193548385,35.78334398609588,38.830607672393725,87.03225806451613,88.71870967741935
75273596832975.0,9319.142857142857,32.777142857142856,34.66721428571428,34.79768526690687,38.58061343011997,85.48214285714286,89.11642857142859
75282186766689.0,11017.833333333334,25.5175,27.97666666666667,25.82007051990837,29.26000850742824,93.66666666666667,94.66666666666667
75282186766836.0,11989.625,26.792500000000004,29.983749999999993,27.171265493341927,31.848568178387982,96.5,97.5175
75290776703102.0,5305.0,33.8,35.0,37.52950792963157,39.250464178546736,80.0,81.0
75333726374303.0,10060.666666666666,27.09166666666667,30.054000000000002,27.579598315137215,32.206022638795204,95.64999999999998,96.33333333333333
75338021341877.0,6446.333333333333,26.49833333333334,29.894666666666666,26.809228636991893,31.03003134814051,85.66666666666667,90.0
75342316309028.0,10299.272727272728,26.725454545454546,30.256727272727275,27.498340171570263,31.97540558291322,92.95909090909092,94.8309090909091
75350906245189.0,2512.0,35.0,36.113,38.21396102264964,40.14912617804645,76.07499999999999,78.5
75372381081628.0,9634.866666666667,34.598333333333336,35.85453333333333,37.47844581072643,39.29990182363246,79.58666666666666,81.74266666666666
75376676048563.0,13323.6,36.614,38.0112,37.37038197124108,38.752097015846395,74.4,83.856
75402445851215.0,11646.083333333334,27.680000000000003,31.58966666666666,28.029956901445274,32.90826203815805,92.91666666666667,94.61
75406740818949.0,10261.0,32.159285714285716,35.22942857142857,32.863867027936244,37.635359583439076,80.71428571428571,83.74285714285713
75428215656534.0,11167.71875,33.2115625,34.2839375,36.708976863509534,38.016116344851746,78.7203125,80.415
75432510622308.0,8288.8125,28.665,32.557375,29.599393002006543,34.83270473054234,90.56875,92.32125
75445395524235.0,9927.458333333334,27.64,31.184249999999995,28.120645924697754,32.186946398079364,91.70208333333333,93.34499999999998
75453985459543.0,8894.136363636364,34.03539772727273,36.51225,38.00875361898207,41.614386569542404,87.84375,89.8025
75462575393857.0,10833.676470588236,33.14838235294118,36.443058823529405,34.09694276963427,38.8093957119806,81.53676470588235,85.29588235294118
75466870360520.0,8640.666666666666,27.712500000000002,30.848333333333333,28.734579968840354,33.23049691475519,92.83333333333333,94.0
75466870362016.0,9492.5,32.909000000000006,33.975199999999994,34.9901511130131,36.179621534875345,79.84,82.3
75475460295352.0,8092.666666666667,27.058750000000003,30.688666666666663,27.39101216511892,32.14235552130701,88.76666666666665,90.75
75505525066331.0,12449.5,31.677500000000006,36.013999999999996,32.30529286371201,37.49918806101056,87.5,89.5
75514115000949.0,8985.0,28.304375,32.30325,29.349638722141567,33.82577251830704,91.625,92.95
75518409969616.0,13048.5,35.535,36.707,37.4432944981757,39.025877129204744,71.0,72.5
75522704935403.0,11228.0,28.333333333333332,31.26033333333333,29.454871697209764,34.06716811833924,94.95833333333333,96.5
75539884804834.0,7818.75,26.945500000000003,30.091499999999996,27.6846016047378,32.035137058081396,90.4775,93.26599999999999
75539884805635.0,8837.583333333334,32.01083333333333,34.26625,36.53431468197669,40.62677387693831,91.45208333333333,92.92833333333334
75544179772607.0,12688.888888888889,34.39,37.11011111111111,35.785394204816626,40.31872101816157,85.46666666666667,89.18888888888888
75569949575604.0,12284.5,27.6,30.074000000000005,29.095142623758054,32.86809779840129,95.0,96.5
75582834477964.0,9764.326086956522,27.41554347826087,32.34082608695652,27.928461262444493,34.248885397669184,84.2141304347826,85.96304347826087
75587129444907.0,11042.333333333334,27.035,30.73466666666665,27.666767433999382,33.01512091155066,97.0,98.0
75587129444971.0,8809.5,29.30083333333333,33.135333333333335,30.264171630876287,35.35942035547605,93.34166666666665,94.66666666666667
75595719379572.0,7444.666666666667,27.470000000000002,30.946666666666662,28.11252415862369,31.443112545948626,87.0,89.33333333333333
75604309315479.0,7853.0,32.5,33.628,34.54792559157498,35.644577031998104,83.0,87.13999999999999
75608604282855.0,10382.5,35.65625,36.753499999999995,41.55366292354931,43.19506102510679,75.5,77.285
75621489184788.0,6108.333333333333,35.595,37.437999999999995,40.77116164533306,43.304194919136314,79.0,81.0
75625784150713.0,6806.217391304348,27.988695652173913,31.534869565217388,28.793348280706,33.56380350994281,90.27391304347825,92.79739130434783
75642964019840.0,8639.659574468085,27.624202127659576,31.17570212765957,28.336808460051678,32.94626931802413,89.99787234042553,92.58531914893618
75647258988532.0,9421.384615384615,33.61269230769231,34.854615384615386,36.14987266562613,37.60043700988512,78.61538461538461,80.85692307692307
75694503628303.0,10896.266666666666,31.801,34.5336,34.881445442055266,38.620578409816545,90.2,91.21866666666666
75694503628659.0,5965.0,31.6,32.4,32.19174879627782,33.744146438899605,76.0,79.0
75703093561939.0,7644.142857142857,29.1,33.271142857142856,30.13239028983343,35.27023844391648,94.23928571428571,95.43857142857144
75707388529515.0,10175.192307692309,28.13769230769231,32.896,28.65991664700789,34.7759294189508,87.06346153846154,88.5823076923077
75728863366153.0,11347.78125,33.729687500000004,37.3810625,34.740435651936764,39.81278141079726,80.0625,84.37625
75737453300997.0,8480.142857142857,34.09214285714286,37.30271428571428,36.5425545727524,40.853949526706465,85.07142857142857,87.43857142857142
75750338202302.0,9682.8,26.960499999999996,30.681,27.296164709701564,32.1364560563548,88.8,90.752
75750338202343.0,7458.0,27.18,31.2,27.877694535074745,32.251142379688616,98.0,100.0
75776108006562.0,9731.566666666668,34.57833333333334,37.93266666666667,35.51843539429642,40.4466898194747,84.42666666666668,88.028
75814762711727.0,5901.625,27.5975,31.7125,28.036139585540987,33.92768232730741,90.75,92.84
75819057678979.0,8545.666666666666,27.92833333333333,31.189999999999998,28.945939268175454,33.26531489859314,92.66666666666667,94.66666666666667
75823352646312.0,2221.0,26.8425,31.814,27.687786109659573,33.29646501748553,90.5,93.07
75844827482848.0,2881.0,25.985000000000007,28.897999999999996,26.563325231406075,31.36475490674654,94.5,94.90999999999997
75866302319249.0,5971.333333333333,27.412499999999998,31.317666666666668,28.025837877484886,33.0311309671465,93.0,94.83333333333333
75892072124098.0,12536.666666666666,38.87166666666667,40.157999999999994,48.51349479440422,51.997025345149105,80.05,85.33333333333333
75900662058405.0,9706.214285714286,34.433928571428574,36.72442857142857,37.80686566053392,41.01848132126563,85.33928571428571,87.43857142857142
75909251992648.0,10435.411764705883,34.13955882352941,38.16188235294118,34.792817174149064,40.42368417188942,79.90588235294118,84.26176470588234
75952201665139.0,11709.5,29.30875,32.21275,29.86400499817419,34.225926631411255,88.0,90.875
76016626174828.0,10516.69014084507,30.51154929577465,34.859464788732396,30.919093600947427,36.66764071084886,84.29084507042253,87.12591549295774
76016626174852.0,8816.714285714286,31.878214285714286,36.43928571428571,32.36786979173145,38.41641180200527,84.98571428571428,86.9742857142857
76029511076452.0,8996.666666666666,28.027666666666665,30.548666666666666,29.24479583891927,33.038667284572284,90.83999999999999,94.38133333333333
76059575847840.0,8970.73076923077,33.20846153846154,38.02030769230769,33.6575891100656,40.3536610652912,86.34423076923076,89.16461538461539
76063870814757.0,10606.375,29.09625,32.53874999999999,30.6908747479599,35.15844188271734,91.23125,93.785
76068165783284.0,12248.2,32.980000000000004,33.7428,35.52634680765269,36.71978219976361,75.4,77.63199999999999
76111115455544.0,9522.25,34.14425,38.5771,34.62261710664769,40.64711416702643,75.95,79.02799999999999
76115410422444.0,10221.2,27.877,30.283600000000007,28.67940133997779,33.42872765086553,90.4,92.228
76119705390319.0,9813.861111111111,32.91986111111111,35.95505555555556,35.07707408449513,38.23104273114101,85.17222222222222,87.79777777777777
76145475194326.0,8584.3125,34.136328125,35.961,36.96416779510066,39.42506486276677,85.16875,88.35796875
76162655063005.0,14220.933333333332,33.04866666666666,37.669733333333326,33.302118034798944,39.11920075403171,81.80666666666666,85.32
76278619179735.0,10340.454545454546,28.094545454545457,31.94618181818181,28.790222354017178,33.943184310375244,89.60000000000001,91.69272727272727
76291504081940.0,9671.432432432432,33.85013513513513,38.520918918918916,34.219626679306586,40.2991403649226,77.32297297297296,82.44216216216215
76295799049961.0,10775.214285714286,32.316071428571426,33.50957142857143,35.2462390375215,37.072403920265465,81.68214285714286,85.17285714285715
76334453755570.0,9449.666666666666,34.80583333333333,36.353,35.735080279396904,37.27979116166276,80.575,86.61999999999999
76394583296748.0,10747.95,29.044,33.153499999999994,30.479533690032206,35.43747806648121,88.15,90.50800000000001
76416058133315.0,9823.088235294117,30.013823529411766,34.479058823529414,30.537544520620994,35.656253645400334,86.77352941176471,90.72882352941177
76428943035283.0,9178.961038961039,32.695701298701294,36.831314285714285,33.39007459489166,38.824723735936686,81.22857142857143,84.60311688311687
76433238003139.0,11115.333333333334,34.64888888888889,36.74488888888888,36.44782307309447,38.89757508239287,88.36666666666666,90.55555555555556
76484777609932.0,10452.206896551725,28.215862068965517,32.67875862068965,29.165760800649323,35.19090659770784,87.47758620689655,90.02344827586207
76484777610114.0,10008.302325581395,32.24883720930233,36.2713953488372,33.14949456689399,38.28505123992156,81.60581395348838,85.27999999999999
76484777610349.0,10481.190476190477,33.64476190476191,37.71352380952381,34.3341980182729,39.143322790261585,79.12142857142858,83.97904761904762
76506252447247.0,9412.153846153846,33.29461538461538,35.06661538461538,36.20957011332351,38.623406311430955,85.94999999999999,89.0553846153846
76562087021340.0,8815.727272727272,30.86613636363636,34.755909090909086,31.49224824142141,36.03557569517196,87.60909090909091,90.87090909090908
76587856825355.0,8962.8125,33.3765625,37.594625,33.97018157890639,39.402943396924904,78.521875,81.60875
76613626629032.0,11432.5,31.91416666666667,35.74166666666667,32.953501378909614,37.512957436145506,84.90416666666667,87.85666666666667
76617921596279.0,9133.613636363636,32.07761363636364,36.559999999999995,32.899878282138545,38.571346113922345,85.40681818181818,88.69772727272726
76630806497978.0,10626.444444444445,27.789444444444445,31.87066666666666,28.773154419736915,33.85902591315205,85.47500000000001,88.38777777777779
76652281335710.0,12183.206896551725,34.387241379310346,35.47993103448275,36.73365886652229,38.18454595928655,73.11724137931033,77.70689655172414
76669461203668.0,9737.274336283186,31.35090707964602,35.43950442477876,32.685021026736976,38.22989812100925,84.17765486725665,87.45557522123893
76682346106519.0,8171.6,33.225,34.1808,35.763308657905085,37.32622787146221,82.6,85.4
76690936040112.0,2060.0,26.513333333333325,31.19800000000001,27.76817376536989,33.965988696874525,97.66666666666667,99.0
76695231008441.0,10813.792452830188,33.176981132075476,34.077924528301885,35.95753562677694,37.57030896679999,83.83301886792452,87.01169811320754
76703820942916.0,9602.860465116279,34.6753488372093,36.15102325581395,38.47962891746898,40.698950591923825,81.56046511627906,84.80651162790697
76708115909304.0,8424.57142857143,28.813571428571432,32.757,30.434557451427885,35.90121008297927,89.56071428571428,92.07142857142857
76733885713654.0,9032.581081081082,33.0972972972973,35.814189189189186,33.89761066473054,36.713300761077086,80.83851351351352,86.47972972972973
76755360549625.0,11015.111111111111,32.294999999999995,36.5491111111111,33.52883475191833,39.346131909174865,84.09444444444445,87.42666666666668
76781130353340.0,6893.6,30.262,34.556799999999996,31.386256858238813,37.60387781373462,87.17,89.6
76798310223528.0,12620.0,31.2975,32.14266666666666,34.74870998613185,36.11650654295583,83.30833333333334,85.68333333333334
76802605190660.0,7918.16,34.6702,35.93504,38.101225392274976,40.18593991985097,82.62200000000001,86.1304
76828374993566.0,7393.0,31.525000000000002,36.20099999999999,32.81483652087742,39.99368009517589,91.0,94.5
76841259896021.0,9530.35294117647,34.616470588235295,37.615999999999985,35.49665278951407,38.990301910155246,82.6970588235294,88.3035294117647
76918569306782.0,9564.8,31.218500000000006,35.4458,33.17001677441222,39.62526580093065,91.4,93.52799999999999
76991583751047.0,8779.54,32.6109,36.5888,33.31677631136365,38.62597219472719,85.21,89.5696
77004468653561.0,9537.592592592593,34.64833333333333,35.936962962962966,37.66238816159188,39.3869709600332,80.80925925925925,84.20074074074074
77017353554924.0,7601.892857142857,34.066428571428574,38.35514285714286,34.71064502227007,40.159157517227115,81.17678571428573,85.14785714285713
77021648522719.0,9876.161616161617,34.78358585858586,35.8310101010101,38.23221381050798,40.25254733864941,79.11111111111111,82.13111111111111
77025943489307.0,10806.8,31.838,36.2466,33.06692343300203,39.6770346651525,86.885,89.7
77038828391170.0,10486.285714285714,31.292410714285715,35.557,32.72693708431994,38.44317434196228,88.24821428571428,91.61821428571429
77056008260268.0,9151.507389162562,31.377660098522167,35.57988177339901,32.98244444786278,38.70473987097131,88.81995073891626,91.89773399014777
77064598195421.0,12045.6,33.771,36.26559999999999,34.73215591066575,37.689239188578064,81.385,87.80199999999999
77124727737770.0,8478.105263157895,35.41105263157895,36.52284210526316,37.53103743059695,39.28453868919815,75.78947368421052,80.09473684210526
77133317670688.0,14347.309523809523,27.406547619047622,30.821857142857144,28.066894185187206,31.656653695271817,90.39285714285714,91.67999999999999
77146202572587.0,13105.671428571428,27.18307142857143,30.634828571428567,27.768510584071738,31.57918000724672,91.49285714285715,92.78542857142857
77146202574100.0,9534.92857142857,33.96910714285714,36.45328571428571,35.30231607029784,38.19735566433095,84.03035714285714,87.74928571428572
77193447213601.0,8950.572463768116,30.495253623188407,34.9034347826087,32.90177309800844,39.37309844677619,90.80144927536232,92.41695652173912
77202037148956.0,10214.615384615385,32.558846153846154,34.79851282051282,33.538691798241196,36.11351761554365,84.14871794871796,87.75692307692307
77210627083091.0,8771.066666666668,31.089999999999996,35.16,32.69186720520766,38.75407743194602,82.83333333333333,84.81066666666666
77210627083724.0,10563.225,34.866,35.975,37.38634034966479,39.17831640253563,79.27625,82.5025
77236396886583.0,8377.666666666666,30.290833333333335,33.414,32.87278273782365,38.67881314335107,92.30833333333334,93.70333333333333
77249281789207.0,11153.0,35.1475,37.76633333333333,36.69512423843751,39.46216079126905,79.16666666666667,89.16666666666667
77257871723046.0,13173.75,29.025000000000002,32.5,30.90643385302906,36.00962874649012,90.0,90.85999999999999
77262166690566.0,11087.318181818182,31.80465909090909,35.81795454545454,32.80078153830442,38.244493401262325,89.68863636363636,92.89999999999999
77270756624305.0,12837.762711864407,26.487754237288136,28.965169491525423,27.064515980216964,29.857190325064686,90.83050847457628,92.11728813559323
77279346559661.0,7932.833333333333,31.68638888888889,35.94788888888888,33.26158506231496,39.46992576436506,90.34722222222223,92.96111111111111
77287936494289.0,6411.333333333333,31.961666666666655,35.85133333333332,33.57493470953017,40.04153062288437,92.33333333333333,93.52666666666664
77292231462116.0,9767.09090909091,34.67965909090909,37.040772727272724,36.74959395714442,40.168327615987195,80.8375,85.37090909090908
77300821396152.0,8871.206896551725,31.65551724137931,36.24165517241379,33.39049198961877,39.812069728765984,89.14655172413794,92.15379310344828
77300821396715.0,9269.333333333334,34.592340425531916,36.894070921985815,36.42346816231884,39.48235491688716,79.93156028368794,84.6818439716312
77309411330592.0,8476.8,30.742,34.5136,32.19622812976909,38.34549266319103,93.0,93.6
77309411331456.0,10819.636363636364,35.33113636363636,37.023090909090904,37.48924984336845,40.0951875204793,73.88863636363635,81.07545454545453
77322296232577.0,7968.476190476191,31.04531746031746,35.6448253968254,32.92246975036761,39.07696602319101,89.96666666666665,92.10730158730159
77326591198824.0,12993.368421052632,26.674561403508772,29.363719298245613,27.27072251644352,30.48267707483859,90.41315789473684,91.88701754385966
77326591200395.0,9961.625,34.409375000000004,36.68991666666667,36.06202210802201,39.45009399465459,81.00625000000001,86.37666666666665
77326591200446.0,9802.78125,34.71828125,36.983875,36.5794046131724,39.91785080241614,77.8390625,82.4825
77330886167105.0,7889.5,30.82416666666667,35.193999999999996,32.73584016791349,38.43386528400331,88.66666666666667,91.99333333333334
77343771069718.0,9016.516129032258,34.59177419354839,36.71464516129032,36.378905057914004,39.04966233612721,75.18064516129031,79.9574193548387
77369540873556.0,9596.961538461539,35.38269230769231,37.084769230769226,37.46375853987319,40.195866734723886,76.09807692307692,82.26192307692307
77373835840594.0,9809.461538461539,34.049358974358974,36.82928205128205,34.6762241613985,38.01896379093667,80.77051282051282,86.00461538461538
77378130807552.0,9837.642857142857,32.00071428571429,36.574,33.16780673613057,39.13224842349661,89.85000000000001,92.58142857142856
77386720742841.0,9471.358974358975,35.8125641025641,36.88733333333333,39.066764215000475,40.98869309964599,76.16794871794872,80.47794871794872
77391015709239.0,9303.75,30.811250000000005,35.035,32.24210384490305,38.55869363719596,83.5,85.5
77399605643934.0,10855.3,31.302500000000002,36.0261,32.606429328410755,38.90767432916028,86.19500000000001,88.53399999999999
77403900611189.0,8635.818181818182,31.50227272727273,36.100909090909084,34.20013778885804,41.00732709157411,90.62272727272727,92.28545454545454
77429670415032.0,10181.5,32.175,37.02325,33.55502223909595,39.808994715344696,88.7125,91.2675
77438260349556.0,4405.0,31.6925,36.456,34.12465029477811,41.530435021482475,86.5,88.5
77442555316865.0,14185.666666666666,32.94833333333333,38.517999999999994,34.76943744168464,41.39476760371715,84.66666666666667,87.33333333333333
77442555317687.0,8675.5,34.983333333333334,35.97533333333334,37.77158023086403,39.694110566665344,75.60555555555555,80.20555555555555
77451145251417.0,8226.2,32.483000000000004,37.05888,34.90397650407329,40.78125880275386,87.92,90.1808
77455440218696.0,8544.5,31.431250000000002,35.82458333333333,33.26598926427391,38.91276246649731,89.18333333333334,91.39999999999999
77468325121507.0,10471.30303030303,34.22545454545455,35.11248484848485,37.06758897041981,38.51300058240361,78.96969696969697,83.83636363636363
77472620087963.0,5490.285714285715,32.18892857142857,37.30885714285713,34.459160162532264,41.559331875860174,87.77499999999999,90.65285714285713
77472620088590.0,10374.80487804878,34.800975609756094,36.85668292682927,36.85495850646748,39.64868206681516,79.33902439024389,84.10634146341462
77476915055088.0,8493.714285714286,29.928571428571434,33.45933333333333,31.38740417036265,37.04004077964875,90.36428571428571,92.01333333333334
77519864728245.0,8579.5,31.828333333333333,36.829333333333324,33.3892849533074,39.528071023065785,84.5,87.33333333333333
77558519433811.0,8134.928571428572,32.51285714285714,37.01914285714286,34.86803153048289,41.6166845918226,88.57142857142857,90.86714285714285
77558519433832.0,8381.90909090909,32.244204545454544,36.936772727272725,34.014104411523846,39.6801686683584,87.82386363636364,90.43772727272727
77575699302965.0,10165.9,31.016250000000003,34.9615,32.370442520881426,37.65952671445147,88.0475,90.113
77584289237863.0,7397.326086956522,31.73163043478261,35.62008695652174,32.153933877110106,36.879216400643905,85.85,88.49
77584289238508.0,8107.256,33.79712,34.720912,36.62986095706698,38.145618896811065,78.37519999999999,81.99712
77588584204987.0,9344.236842105263,31.230756578947368,36.055644736842105,32.414894635038515,38.78397483336275,89.16151315789473,91.90447368421053
77601469107496.0,10027.8,33.409142857142854,35.429028571428574,35.41609146566035,38.30397910990295,82.81142857142858,87.09942857142858
77618648975951.0,7421.5,32.17785714285714,36.64928571428571,33.90609958502393,39.69642091813132,88.76428571428572,91.02142857142857
77653008714440.0,10727.846153846154,32.20384615384616,37.173538461538456,33.280892761251714,39.3867049699376,88.08846153846154,91.0
77665893616279.0,11309.315789473685,32.249736842105264,36.90621052631579,33.992360209280776,39.446857254198065,84.57894736842105,87.45473684210526
77665893616470.0,8508.418181818182,32.44890909090909,36.32505454545454,32.84494890316679,37.940283139258796,86.06545454545456,88.4730909090909
77670188583806.0,9285.32,32.834900000000005,36.5732,33.06241039691915,37.57656602757689,81.9785,86.1124
77691663420508.0,9592.103448275862,33.273620689655175,36.309517241379304,34.80197472486413,38.37094168281674,84.42931034482758,88.05931034482758
77700253355267.0,10631.857142857143,33.10071428571429,35.10038095238095,34.813807445264025,37.3932063266992,83.73095238095237,87.69047619047618
77704548322236.0,11442.795454545454,32.80431818181818,36.29522727272727,32.672895531949614,36.74040935375222,77.98636363636363,82.29318181818181
77708843289907.0,9039.443298969072,32.19824742268041,34.01092783505155,33.9458211124941,36.15661644141454,85.24381443298968,88.4303092783505
77730318125548.0,8596.652173913044,31.07554347826087,34.782434782608696,32.39120773570002,38.112449058281214,89.95652173913044,91.58521739130435
77743203028201.0,9264.842105263158,32.482236842105266,34.70147368421053,34.69457049932676,37.89171353792981,84.61907894736842,87.47394736842105
77747497994980.0,11616.0,31.038666666666668,35.59213333333333,31.681681741591323,37.18860226461469,87.10166666666667,89.966
77764677864006.0,7568.761904761905,32.42976190476191,36.34019047619048,33.42791957137702,38.723255922618876,87.8547619047619,90.65428571428572
77768972831356.0,10093.84375,32.591875,36.643499999999996,34.59021276538143,39.68117729922473,87.15625,89.62125
77773267799229.0,7305.371727748691,31.906649214659687,34.045643979057594,33.17267485231363,36.01003840504853,81.97905759162303,85.46010471204188
77799037602380.0,8660.95744680851,32.86297872340426,36.696170212765956,34.031036780265424,39.32089609913889,86.92234042553191,90.15702127659574
77803332570644.0,8412.52,32.9823,33.85596,35.62615295662781,36.717469426246005,74.888,78.62639999999999
77824807406584.0,11485.666666666666,32.21666666666667,35.94355555555555,32.98460849475509,37.36403819652844,84.55555555555556,86.59555555555556
77850577209882.0,8488.882352941177,32.69735294117647,36.444823529411764,33.68686142599498,39.14696647348445,88.93235294117646,91.10470588235295
77867757079375.0,9675.836363636363,32.37890909090909,36.443054545454544,32.69089547998993,37.8011021711565,87.18909090909091,89.71927272727274
77880641981170.0,9095.594594594595,31.49648648648649,36.23497297297297,32.150015189841476,37.7717446142365,88.18783783783783,90.77945945945946
77893526883515.0,10484.5,31.256071428571428,33.33,32.245055713768814,34.72921212993058,81.98392857142858,84.65142857142857
77902116818140.0,8346.023255813954,32.121744186046506,34.46809302325581,32.9001178521345,35.81156230510925,84.20813953488371,87.28
77927886621860.0,8145.75,31.597397959183674,33.892224489795915,32.69236903534897,35.423763164654915,84.56964285714287,87.60724489795919
77970836294194.0,12079.555555555555,31.47555555555555,35.20844444444444,32.114986218225276,37.009111615760645,86.87222222222222,89.22222222222223
77975131262002.0,8594.648648648648,31.97945945945946,34.91632432432432,33.184976819277814,36.302895742055725,84.8108108108108,87.74918918918918
78022375901771.0,10117.32,32.4058,35.97392,33.56010888689139,38.475888990028054,87.68,90.544
78026670869371.0,9404.0245398773,32.63978527607362,36.372355828220854,32.86553666074554,37.50890934690148,83.34693251533741,86.20196319018405
78043850738883.0,8740.876404494382,28.98415730337079,31.043932584269662,29.390687967342433,31.635540280042537,83.80224719101123,86.88202247191012
78043850739190.0,8597.67441860465,34.42476744186046,35.65218604651162,37.690832371940026,39.21971577408911,81.06744186046512,85.76651162790697
78078210477171.0,6829.291139240507,31.384430379746835,33.72311392405063,32.62812688984152,35.49828743683997,83.15569620253164,86.40101265822784
78091095379085.0,8138.569620253164,31.92253164556962,34.24422784810126,32.88160471694544,35.810290559240556,84.64493670886075,87.4518987341772
78099685313210.0,7734.523809523809,30.811666666666664,35.474380952380955,31.33799573876331,36.6410576958785,89.60238095238094,91.5304761904762
78099685313231.0,9741.826086956522,30.789565217391306,35.92021739130435,31.420710432851727,37.29294259400173,89.49891304347825,91.54347826086956
78099685313290.0,9336.254237288136,32.138220338983054,36.782169491525416,32.83099717827204,38.55591542230449,86.4822033898305,89.06
78108275247721.0,9413.45652173913,31.86836956521739,35.357956521739126,32.69216413200779,37.41697030302988,87.60000000000001,90.56
78125455117345.0,9317.753246753247,32.95512987012987,35.839766233766234,34.33665567769052,38.040796888331954,85.05974025974027,88.2612987012987
78134045051906.0,9948.314285714287,33.08128571428571,36.0912,34.452224970899444,38.25070426927422,85.21571428571428,88.464
78164109822626.0,5048.0,31.47000000000001,35.514,32.048060431104005,36.64940491925162,97.0,98.0
78168404790228.0,8771.862745098038,33.14254901960784,36.23321568627451,33.90638140430114,38.050536567767836,81.23039215686275,84.13490196078432
78172699757669.0,8015.898734177215,31.538291139240506,33.945873417721515,32.544685005580405,35.35041021463293,84.69177215189873,87.25569620253164
78185584659076.0,9135.014354066985,32.22232057416268,36.95714832535885,33.17538305795976,39.00339550623562,87.99497607655503,90.44655502392344
78185584659711.0,14304.25,30.54625,32.025,30.962027436628468,32.6859780777299,77.73749999999998,82.66499999999999
78189879626186.0,11861.125,29.49625,32.451,30.690768731003114,34.8502983939275,87.765625,89.7775
78189879626506.0,7338.208333333333,31.689375,36.2125,31.918034612977063,37.30968720035138,88.20208333333333,90.08333333333333
78194174594167.0,9087.936170212766,31.490319148936173,33.820297872340426,32.43493854693656,35.320407909543455,85.37446808510637,88.24680851063829
78202764528199.0,9667.254545454545,31.59072727272727,34.92956363636363,32.268080247800604,36.90012543624725,87.77363636363637,89.90981818181818
78202764529102.0,8195.712121212122,32.491439393939395,33.8239393939394,35.073791027043306,36.605526032842704,83.1590909090909,85.61030303030303
78207059495175.0,14300.095238095239,27.07857142857143,30.17419047619048,27.71982828545029,31.53837964305547,90.70238095238095,91.98476190476191
78211354463330.0,8705.125,31.90642857142857,34.46064285714285,33.01087476981123,36.29783447153314,86.46785714285716,89.15928571428572
78215649430180.0,7279.8,32.142,36.538133333333334,32.66486867181026,38.11486636188169,85.70666666666666,88.26666666666667
78215649430581.0,9392.394557823129,32.32200680272109,35.09918367346939,33.53050950889714,36.980485533395495,87.15238095238095,89.29278911564626
78224239364732.0,9713.380952380952,31.673095238095236,35.33580952380952,32.43661146219959,37.33739977048343,86.27857142857142,88.4895238095238
78228534332276.0,8625.241379310344,31.607931034482753,35.521517241379314,31.57622308059116,36.28824306554643,84.07758620689656,86.91793103448275
78228534332360.0,7744.196721311476,32.32336065573771,35.29721311475409,33.48635278130253,37.417771099349004,84.06967213114754,86.69639344262295
78232829299908.0,8013.343434343435,29.23909090909091,31.29773737373737,29.3830022713027,31.65528656972346,80.68484848484849,83.99474747474747
78237124266709.0,9319.483333333334,31.20566666666667,35.931400000000004,31.449581259722567,37.04002195619234,88.75083333333333,90.639
78241419234232.0,9162.34,33.063599999999994,36.27936,34.03574147314971,38.28774550332815,84.602,86.96440000000001
78245714201072.0,8268.871794871795,30.923589743589744,34.193948717948714,31.983176257075918,36.822346195591074,88.81410256410257,90.55076923076923
78258599103632.0,7709.783783783784,31.074932432432433,33.53116216216216,32.22882395849663,35.18250614170197,86.5831081081081,89.08675675675676
78258599103796.0,9020.785714285714,32.80238095238095,34.15690476190476,36.69073669572134,39.007753399999764,84.35119047619048,87.0252380952381
78280073939943.0,9387.6875,32.7321875,35.8895,33.876011041563586,37.99677515783376,85.525,88.83375000000001
78284368907265.0,9535.553846153845,32.71561538461538,35.86295384615384,34.29693184771225,38.60273790467431,84.90846153846154,87.49938461538461
78288663874317.0,10380.170212765957,31.86968085106383,36.01348936170212,32.11078398314007,37.049108372083275,85.98829787234042,88.65148936170212
78314433678735.0,10946.666666666666,31.352083333333336,32.43483333333334,34.13457476244122,35.63252998540467,84.83333333333333,87.51333333333332
78323023612884.0,10108.684210526315,33.10368421052632,36.450315789473684,34.13434138457157,38.665584666475034,86.63684210526316,88.84947368421054
78331613547573.0,8664.489795918367,32.232142857142854,34.873673469387754,33.0991625971831,36.29717339751597,84.16428571428571,86.80448979591837
78335908513991.0,13522.318181818182,27.448863636363637,30.31327272727273,28.478410351541335,31.744218622017954,91.10454545454546,92.22727272727273
78353088383431.0,7918.5,30.54125,33.28133333333333,31.619686735841388,35.472517502268815,87.4875,89.27
78353088384464.0,11805.333333333334,31.375555555555554,32.52222222222222,33.6776487689435,34.9279376482555,83.64999999999999,87.90444444444444
78361678318477.0,9261.0,33.084545454545456,36.57884848484848,33.50713782868391,38.46884667847678,82.91666666666667,86.07878787878788
78370268253113.0,12037.0,32.84133333333333,36.3392,33.634469734041495,37.89448342991101,87.0,89.65599999999999
78374563219356.0,12790.422222222222,26.996111111111112,28.958488888888887,27.649806549030906,30.081971982322127,91.40111111111112,93.23244444444444
78374563220415.0,6844.5,32.43222222222222,35.605,33.85077951787783,38.158722250208676,83.5,85.24666666666667
78408922958745.0,10657.90909090909,32.75545454545455,36.382363636363635,33.77620400369444,38.41132608332009,85.55795454545455,87.8990909090909
78413217925887.0,9641.944444444445,31.697222222222226,36.446777777777775,31.726428100874255,37.59394993066097,86.98333333333332,89.38888888888889
78426102827499.0,9051.13698630137,30.711438356164383,33.77076712328767,31.626800802389095,35.91625270397581,89.30068493150685,91.36712328767123
78426102827952.0,8990.666666666666,33.15020833333333,36.78608333333333,34.493747255856086,39.454333711966626,86.78541666666666,89.51666666666667
78430397795790.0,9139.666666666666,29.7,31.207333333333334,31.98344927304039,33.72103542765793,91.25,93.41333333333334
78443282697486.0,12877.8125,31.488125,32.62575,35.467606031775226,37.631392677826554,85.865625,88.46124999999999
78447577664564.0,9763.439024390244,32.365731707317074,35.079024390243895,32.832579501973186,36.206880131419595,85.55365853658536,87.80341463414634
78447577664577.0,8396.0278372591,32.00047109207709,34.607944325481796,32.8741973403509,36.184896863552986,84.977408993576,87.88453961456104
78451872631628.0,3988.0,30.8,34.232,31.625055942413365,35.627174103491875,86.0,88.0
78486232369952.0,7937.533527696793,32.32632653061225,36.28748104956268,32.66425177356641,37.51148155106366,86.50816326530612,88.97551020408163
78486232370630.0,14393.5,30.396250000000002,31.009500000000003,34.52086456743535,35.49471525081851,81.25,82.56
78490527337035.0,10230.036764705883,31.502941176470593,34.90024999999999,32.069550774003254,36.75272690566327,88.01360294117647,90.11529411764707
78490527337088.0,8146.14705882353,31.525588235294123,35.089,32.46740165083312,37.56462773253698,88.0764705882353,90.0335294117647
78494822304504.0,10427.410256410256,31.45871794871795,36.03584615384615,31.66409324295252,37.00214986070174,89.89358974358974,92.7
78503412239366.0,8446.948717948719,30.861410256410256,34.032512820512814,30.84978194583845,34.28207936827518,86.50769230769231,88.6379487179487
78507707206372.0,10175.25,31.79854166666667,36.034416666666665,32.341421054819115,37.35251363037938,87.8125,90.71416666666666
78507707206416.0,8994.595238095239,32.46904761904762,36.799,32.51933609699339,37.412846837343196,84.95476190476191,88.58761904761904
78507707206483.0,9557.657894736842,33.00881578947369,36.56853684210526,33.60543767669612,38.32232098716254,86.37868421052632,88.9721052631579
78516297141462.0,3845.0,31.113333333333333,32.348000000000006,34.23680803947361,37.201985273057694,81.46666666666665,83.33333333333333
78529182042355.0,14007.31111111111,27.419888888888888,29.80164444444444,28.19258728060633,30.942627325588212,90.10777777777777,91.73777777777778
78529182042374.0,14446.833333333334,27.807291666666668,30.38733333333333,28.577694692045444,31.721650912635393,91.04166666666667,92.64999999999999
78529182043481.0,6770.125,33.773125,34.878750000000004,38.09313310136265,40.30833588626922,86.5,91.625
78533477010531.0,8826.871621621622,31.429054054054053,33.76552702702703,32.66618726478565,35.71297489909369,85.57601351351352,88.35797297297297
78542066943844.0,12477.723076923077,28.494846153846154,30.452646153846153,29.27404688740798,31.732192327758387,89.50846153846155,91.16092307692308
78546361911630.0,10943.5,27.71736842105263,30.315999999999995,28.74107156069116,32.64815448001019,91.5578947368421,93.00736842105263
78572131715180.0,13602.770833333334,27.254687500000003,29.548291666666668,28.186806404583493,31.22148316610398,91.11354166666666,92.81333333333333
78576426682955.0,11384.75,30.802249999999997,34.138,31.31595431609626,35.33618301023099,87.9,90.089
78580721650730.0,9736.542857142857,32.790714285714294,35.58662857142857,33.46229895603357,37.166620018668766,86.12285714285714,88.344
78602196487232.0,7734.415384615385,31.979307692307696,34.40276923076923,32.870454531395616,35.82877560773943,85.8753846153846,88.10615384615384
78606491454376.0,9408.870967741936,31.97661290322581,35.39458064516129,32.487475171604494,36.69020885747629,89.05483870967741,90.99483870967742
78610786420992.0,14675.533333333333,26.932666666666666,28.826133333333335,27.623907257133464,30.153081537925985,90.26666666666667,91.83466666666666
78615081387925.0,11640.125,27.517569444444447,29.79225,28.20776658754548,31.004800725090732,89.78402777777778,91.69694444444445
78619376355779.0,9348.222222222223,29.447962962962965,32.17977777777777,30.766846131298582,34.95353620699637,90.95370370370371,92.53333333333332
78640851192191.0,6243.4,28.035000000000004,31.043999999999993,29.136821846383604,32.76204301283948,94.43999999999998,95.6
78645146159271.0,14592.642857142857,27.400000000000002,29.574642857142855,28.199202806313988,30.767604677885423,90.37678571428572,92.22142857142856
78645146160065.0,9216.697674418605,31.996860465116278,35.19558139534883,32.63728438784085,36.66499084118708,88.61744186046512,90.50976744186046
78645146160110.0,9945.85294117647,30.547058823529408,33.63870588235294,30.75995785506268,34.06057756190202,88.96617647058824,90.30352941176471
78645146160161.0,10844.342105263158,32.46328947368421,34.88394736842105,33.558838110726214,36.96939071148131,86.1842105263158,88.75105263157894
78653736094977.0,10571.70588235294,32.34147058823529,33.66070588235294,36.19622135763651,38.49998379943645,81.17352941176469,83.63058823529411
78658031061560.0,10505.1,30.38225,33.4713,31.111728103244936,35.1836644781841,86.61,89.05499999999999
78662326029129.0,9113.0,32.635000000000005,36.809875,33.635464568070965,38.536692228735774,84.9375,86.85374999999999
78662326029595.0,11901.6,33.874,35.15,40.9173414580992,43.66513428607764,82.4,85.228
78666620997014.0,10888.285714285714,32.32071428571429,33.42657142857143,36.567427924974545,38.78666633358204,88.09285714285714,90.47142857142856
78670915964247.0,12642.285714285714,33.95142857142857,35.010285714285715,37.44906650649877,39.16183154389831,81.71428571428571,85.88
78696685767564.0,10704.985714285714,32.92414285714286,36.60368571428571,33.465784983415524,38.000773595172035,86.80071428571429,89.31771428571429
78705275702343.0,8417.786666666667,31.1304,33.51072,32.067232874843455,35.002380942401786,85.88266666666667,89.0136
78705275702367.0,8269.90909090909,30.538333333333334,32.959696969696964,31.781010385180046,35.14963616410604,86.88333333333334,89.24727272727273
78709570669227.0,8258.34693877551,31.225714285714286,34.76726530612245,31.68857222489924,36.120623205690364,90.38571428571427,92.18244897959183
78735340473566.0,9054.418604651162,31.393023255813954,32.78813953488372,34.22038833929959,36.76574773798694,80.39186046511628,84.40883720930232
78739635440540.0,9497.8359375,32.2916796875,35.69021875,32.91873279774918,37.17945558711105,88.44140625,90.35171875
78739635440592.0,9049.920634920634,31.653095238095236,34.89701587301587,32.27783710548144,36.1582968918248,88.36349206349206,90.4047619047619
78739635440688.0,10100.9,32.2485,34.69851428571428,33.58074090385736,36.9081453793117,86.82785714285714,89.2657142857143
78743930407100.0,12959.633333333333,27.736611111111113,29.832777777777775,28.657731959456612,31.26838400681384,89.64666666666666,91.58555555555554
78743930407482.0,9769.731092436974,31.238025210084036,34.59273949579832,31.814475299544224,35.9631073635413,87.28949579831934,89.45176470588235
78748225374612.0,10606.25,28.714500000000005,31.225599999999996,29.968718647241623,33.45670721509224,88.9,90.228
78748225374641.0,9429.70945945946,29.350743243243244,32.21886486486486,30.388944705080313,34.032267370267256,90.52736486486486,92.28891891891892
78752520342765.0,10710.138888888889,33.04215277777777,34.30397222222222,36.66641872701601,38.94572063785165,79.303125,82.45069444444444
78765405243214.0,13030.061320754718,28.672830188679246,30.79506603773585,29.403455653211687,31.975103520359212,90.11485849056604,92.12103773584906
78782585113989.0,11475.0,32.470681818181816,33.86936363636364,36.96006408097638,39.00246763206356,83.05454545454545,86.01727272727273
78791175047540.0,9678.69696969697,27.78575757575758,30.11963636363636,28.855537935226433,32.34817860487932,92.55151515151515,94.05636363636364
78795470015059.0,10836.933333333332,31.498333333333335,35.03959999999999,31.79380812485732,36.00252616510206,86.31333333333333,88.56133333333334
78799764982528.0,11467.04,31.268800000000002,35.63232,31.740706931341816,36.77053523729979,86.98200000000001,88.8864
78808354916623.0,12917.509803921568,28.15156862745098,30.12298039215686,28.89578777903405,31.270394850737336,88.5235294117647,90.50666666666667
78821239818132.0,13305.584615384616,28.38046153846154,30.73003076923077,29.24032245604597,31.844786287995802,89.06307692307693,90.93353846153846
78829829753431.0,9790.36,31.0414,34.475759999999994,31.6665842562956,35.99881457134296,88.28,90.1432
78842714655810.0,8487.645161290322,30.358838709677418,32.619716129032255,31.40473418743085,34.472576548733514,87.21870967741935,89.46812903225806
78847009622675.0,11244.074074074075,31.330925925925925,34.90837037037037,31.572835955174135,36.08835898969547,88.47962962962963,90.51111111111112
78847009623353.0,10503.526315789473,35.054736842105264,36.24421052631579,40.66039400028522,43.16937816523863,80.8578947368421,84.32315789473684
78855599557051.0,9694.736842105263,28.367631578947368,30.95242105263158,29.352473137498848,32.58973688304725,88.3,89.90736842105264
78855599557162.0,9442.16,30.790399999999998,33.84224,31.46953293776463,35.24225417091023,86.44,88.3392
78864189492271.0,8035.689655172414,32.14568965517241,34.50255172413793,33.360986245990475,36.68917991907727,87.64999999999999,89.80551724137932
78877074394049.0,8719.545454545454,32.197272727272725,35.80412121212121,32.61735315872107,36.675882551873535,87.7530303030303,89.61030303030303
78902844197709.0,8730.813559322034,31.66330508474576,35.34111864406779,31.919082840051452,36.160870619229414,87.15338983050847,89.23898305084747
78902844198100.0,8971.714285714286,31.9175,33.54571428571428,35.794668497125805,39.46868268579981,84.25357142857142,86.30571428571429
78911434131944.0,10634.347826086956,30.314565217391305,33.276782608695655,30.963726098184196,34.586533090985405,87.75652173913043,89.79478260869566
78915729099807.0,10230.23076923077,31.58884615384616,34.12266666666666,33.02115157459884,36.639291801751675,89.79102564102564,91.73897435897436
78920024067000.0,8718.363636363636,31.748409090909092,35.07209090909091,32.445991042973304,36.76254268642875,90.01818181818182,91.66181818181818
78932908969262.0,8736.333333333334,35.47277777777778,36.49666666666666,40.69229713502314,42.82366355973997,77.44444444444444,81.06222222222222
78950088838202.0,10350.8125,32.009375,34.573125,32.8289779519736,36.24137926112112,88.48125,91.81125
78984448576478.0,10784.883333333333,32.106,35.39796666666666,32.61546013772659,36.614116341061695,89.43416666666667,91.70733333333332
78988743543206.0,9243.139534883721,27.078488372093023,29.152697674418604,28.312407286941664,31.333291933868153,91.4953488372093,93.32
78988743543605.0,9085.217391304348,32.58086956521739,36.47973913043478,32.738040443951576,37.350321848345,86.95652173913044,89.3095652173913
78993038510706.0,7836.857142857143,30.293928571428573,33.471285714285706,30.89005084867679,34.925035172528204,83.5,85.29571428571428
78997333477962.0,10123.752066115703,31.158429752066116,34.30085950413223,31.965955736596,35.69762304371381,86.14008264462811,88.37190082644628
78997333479365.0,8813.2,33.657,34.779599999999995,34.633744003381345,35.878327584362395,71.77000000000001,74.0
79014513347505.0,8459.57142857143,30.520892857142854,33.812571428571424,31.223353393818336,34.75323253392687,85.32321428571429,87.05071428571429
79027398249751.0,17548.0,33.05,33.9,36.14656929734052,37.29237806258189,75.0,83.5
79027398249763.0,8072.571428571428,34.95285714285715,36.03085714285714,40.51579510722711,42.61463007426347,86.15,90.62
79027398249798.0,11333.25,34.374,35.4861,39.0841286258009,41.167435757420286,83.5175,87.75699999999999
79035988184048.0,7891.111111111111,32.073055555555555,34.80111111111111,32.77319565179733,36.48654861176744,85.88055555555555,88.08888888888889
79035988184648.0,9527.166666666666,33.03625,33.85916666666666,38.59412656581194,39.864506473756656,80.05833333333334,85.67833333333334
79066052954684.0,9260.538461538461,31.603653846153847,34.53903846153845,32.46390121203182,36.18912273518929,83.90096153846154,86.03538461538461
79121887530410.0,9963.25,32.635,33.961125,35.96791979840604,37.67226577316528,83.365625,85.92374999999998
79126182497599.0,11792.875,36.33125,38.080749999999995,41.9172171537124,46.46963981832246,87.625,90.0175
79134772431911.0,9879.916666666666,31.113333333333333,33.8415,31.97062692723073,35.5934908139991,90.2375,92.02333333333333
79177722103831.0,13063.95867768595,28.143553719008263,30.580462809917353,28.990498846714832,32.02193926537948,89.73471074380166,92.19636363636364
79194901973442.0,10924.166666666666,29.886458333333334,32.14825,30.698582008026644,33.62381156797532,89.49583333333334,91.60916666666667
79212081843434.0,9657.25,30.110625,31.407500000000002,32.399126125264075,34.44125231266644,82.875,84.75
79229261712077.0,9518.060606060606,30.93257575757576,34.024242424242416,30.95024120474547,34.25735090140561,87.35151515151514,89.65151515151516
79242146614083.0,7867.454545454545,32.121818181818185,35.99381818181818,32.60415771322835,36.83683399116538,86.56704545454545,88.14090909090909
79246441581341.0,9233.31111111111,31.767000000000003,35.61013333333333,31.801781221260796,35.7792744584486,85.27222222222223,87.93555555555555
79267916418402.0,10722.176470588236,34.38,35.67058823529412,38.32132805702811,40.388446632952885,79.86176470588236,82.6470588235294
79285096287073.0,9024.646408839779,31.83704419889503,35.29137016574585,32.298824440533615,36.07001819096121,88.38839779005525,90.0524861878453
79297981189088.0,9556.177419354839,31.476370967741936,34.333903225806445,32.120713217045534,35.53081979452941,90.70241935483871,92.51064516129033
79310866091294.0,9061.333333333334,34.42333333333333,35.86066666666667,39.14460197505681,41.17499186587898,81.64166666666667,84.33333333333333
79310866091475.0,13303.0,35.20777777777778,36.342000000000006,38.43535876002533,40.34059549878418,88.88888888888889,90.8288888888889
79315161058790.0,13147.0,33.0,34.4,37.625719652358526,39.82775470299849,84.0,85.0
79366700666222.0,12579.25,35.0225,36.522999999999996,39.13806638864061,41.627951827606026,85.690625,89.10624999999999
79366700666312.0,12796.0,34.39636363636364,35.81527272727273,37.51026374276973,39.5701146907166,82.35000000000001,85.73272727272727
79375290600020.0,9175.90625,30.961875,33.467499999999994,31.585564156092722,34.34071448241192,88.4890625,90.7775
79383880534415.0,8834.3125,27.9884375,29.764916666666664,28.737097103763656,30.94904913725144,90.2,91.70208333333333
79388175502614.0,8866.727272727272,34.19363636363636,35.61739393939394,39.333979640425284,41.70349341319191,81.56969696969698,84.3660606060606
79409650339131.0,6580.5,36.91833333333333,38.471333333333334,43.66419696246286,46.459999979155505,80.97500000000001,83.58333333333333
79413945305304.0,12846.3,27.47915,29.642709999999997,28.260760514019932,31.12533405964884,89.52775,91.5959
79418240273112.0,9549.57142857143,31.260238095238098,34.10466666666667,31.554796172402877,34.63420972839559,87.56428571428572,90.31142857142856
79431125174315.0,12913.65,26.831,28.949399999999997,27.48611011231349,30.282974030182878,88.7875,90.87100000000001
79456894979000.0,9287.018181818183,32.15509090909091,35.16836363636363,32.85301415879932,36.53101268283818,89.29454545454546,91.07345454545454
79461189946843.0,3859.0,32.85,33.843999999999994,35.564935740116766,37.630493194344766,86.5,89.0
79465484913471.0,6950.958333333333,31.417500000000004,34.83783333333333,31.495077338907052,34.82050644505289,84.56666666666666,87.355
79474074847114.0,12183.576923076924,28.673461538461538,30.969615384615388,29.174709939027252,31.673725064657923,90.03846153846153,92.49153846153847
79474074848470.0,10763.636363636364,32.29068181818182,34.00609090909091,34.46808307267432,36.98118606942597,85.41363636363636,88.01272727272728
79478369814674.0,12830.35294117647,27.64558823529412,29.706588235294113,28.638813921982756,31.401944571821986,89.3529411764706,91.00823529411765
79478369814733.0,12587.6875,27.236979166666668,29.269416666666668,27.94905451335354,30.783549806460684,88.46354166666667,90.66333333333334
79482664783221.0,9732.347826086956,36.00413043478261,37.46852173913043,40.3444324394794,42.310392022903514,84.16521739130435,86.75478260869566
79495549685187.0,12159.692307692309,34.78673076923077,36.212384615384615,36.48790730150726,38.26919184854124,83.23846153846154,85.89
79499844651676.0,9194.9,31.717,34.59526666666667,32.345890044311005,35.62791227123252,83.47416666666666,86.613
79508434586608.0,8452.075,31.456875000000004,34.2361875,32.249160055660845,35.97326944898155,90.32000000000001,91.91425000000001
79512729554301.0,9085.625,35.0578125,36.631125,38.49039328893335,40.903924097886424,81.740625,85.92999999999999
79529909423579.0,12601.5,36.542500000000004,38.00499999999999,37.2473024746412,38.83013809491092,83.0,85.65999999999997
79542794325166.0,9148.0625,30.30515625,32.027812499999996,31.584911697258395,33.95550297974048,84.7765625,88.11812499999998
79551384259900.0,9059.0,35.756,36.7784,40.749421699216384,42.35765758270876,87.4,91.0
79555679227172.0,16424.0,32.9,34.8,35.2332778239202,36.99572819988461,75.0,77.0
79559974194266.0,11995.545454545454,30.09030303030303,32.20824242424242,30.331914042878847,32.803270626358476,88.18636363636364,89.61212121212121
79572859095670.0,9466.357142857143,30.729285714285712,33.11714285714285,31.333958968757493,33.794145140975196,84.48928571428571,86.65285714285714
79572859095772.0,8984.6875,30.686875,33.309375,31.108863592244802,34.19780195415966,87.9375,90.50874999999999
79585743997581.0,8642.4,31.163666666666668,33.6016,31.545451160382164,34.051524319029404,86.33,89.21866666666666
79598628900093.0,9538.45,32.45525,33.7376,35.858693535053405,37.76907133263306,84.7825,88.273
79607218833655.0,12123.944444444445,27.42787037037037,29.497333333333334,28.136332697136513,30.95843096494582,88.60555555555555,90.77407407407408
79632988637425.0,12527.823529411764,28.073382352941174,30.802,28.63139129554814,32.202711335981896,91.17205882352941,92.9935294117647
79632988638584.0,7884.142857142857,34.90385714285714,36.27057142857143,39.2876895707919,41.491859298218635,82.49857142857142,85.60971428571429
79637283605159.0,9952.933333333332,31.447083333333335,34.150299999999994,31.775089031710966,34.497248075140874,87.51916666666666,90.65133333333333
79663053409112.0,10049.0,32.33447368421053,35.98778947368421,32.37725021815002,36.59827481336984,86.48947368421054,88.7442105263158
79671643343900.0,10110.04255319149,31.133191489361703,33.413234042553185,32.428831397343345,35.85420543493345,88.05638297872339,90.14553191489362
79675938311064.0,10223.64,32.3238,35.227959999999996,32.805433442585866,36.31684622002906,86.59,89.4232
79688823213402.0,10947.0,36.18083333333333,37.806999999999995,41.479486372027566,43.95716486220535,86.80833333333334,89.16666666666667
79710298049261.0,9983.9,30.8085,33.25046666666666,30.967927002151466,33.45488088671679,86.21833333333333,89.216
79710298049491.0,10106.944444444445,31.213055555555556,33.94611111111111,31.855021024152634,35.40618365820085,87.77777777777777,89.66666666666667
79727477919213.0,10196.916666666666,35.98666666666667,37.42133333333333,38.27377775568648,40.12026998679617,82.39166666666667,85.42
79744657788227.0,12822.5,34.83125,35.832,39.30150974506839,41.227866823170736,88.0,90.0
79757542689516.0,11102.923076923076,30.074230769230773,32.921846153846154,30.65513100750475,34.03561783330405,87.82692307692308,90.93384615384615
79774722558524.0,10219.2,30.490125,32.445049999999995,31.232982660651828,33.78465133806258,87.81375,90.2245
79800492362490.0,8115.538461538462,29.664615384615384,32.29323076923077,29.812939996200846,32.380479593108696,87.98846153846154,89.62615384615384
79800492362996.0,10156.5,33.899166666666666,35.16842857142857,38.15877549391794,40.197332609489386,88.04166666666667,90.53
79813377263653.0,13312.52380952381,26.275,28.1,26.56925899715321,28.738098492530735,86.87380952380951,88.58761904761904
79821967198940.0,9467.307692307691,30.211384615384617,32.68929230769231,30.526162176599357,32.921500560162805,89.42923076923077,91.89076923076922
79847737002532.0,9888.545454545454,30.41056818181818,32.3654696969697,31.010919374252232,33.426926266773535,87.6375,89.89181818181818
79852031970806.0,7485.416666666667,34.197916666666664,35.720333333333336,35.542310940178744,37.015301881100804,83.44583333333333,87.16666666666667
79869211839405.0,9345.07142857143,31.889285714285712,34.81614285714286,32.729423842369684,36.552206505014944,87.71428571428571,89.95285714285714
79886391709090.0,9392.636363636364,34.66909090909091,35.84945454545454,38.57185704437066,40.248226201246865,87.7,91.57090909090908
79907866545381.0,10995.545454545454,33.24409090909091,34.537090909090914,36.675075471136886,38.88823187893205,81.7909090909091,83.9090909090909
79946521251241.0,10847.714285714286,34.222857142857144,35.306285714285714,37.7838105945724,39.55028445947049,81.71428571428571,85.53428571428572
79950816218502.0,8184.333333333333,35.18388888888889,36.42444444444445,40.6149828090599,42.393818218049915,85.0,87.44444444444444
79963701118864.0,12456.823529411764,28.895,31.046823529411768,29.810290726174756,32.264750381885705,88.15882352941176,90.90705882352941
79967996087221.0,11728.4,31.219333333333335,33.860933333333335,32.19780172415756,35.7307691989783,90.78999999999999,92.68133333333334
79980880988741.0,8232.117647058823,30.495882352941173,32.6455294117647,31.142053691283287,33.8491254376869,86.82058823529411,89.3
79980880989432.0,12327.0,33.518,34.8176,37.96317608571469,40.0286590448777,91.46,94.468
79989470924040.0,5568.75,34.1275,35.125,39.06879508678295,41.26458211940655,84.5,87.07999999999998
79989470924190.0,8443.4,34.349000000000004,35.89626666666666,38.45231977397645,40.79090424213954,82.58999999999999,86.43866666666666
79993765891737.0,12669.0,32.115,32.9,40.18198747250668,41.62566606975695,90.0,91.0
79998060857877.0,4550.285714285715,30.63214285714286,32.40371428571429,32.58513419350612,35.562405219065354,88.71428571428571,90.0
79998060858597.0,12502.222222222223,35.019444444444446,36.67822222222222,40.22482603128692,43.360786878757175,88.88888888888889,91.11111111111111
80019535694877.0,10120.0,30.568472222222226,33.0115,31.462799160800046,34.72159120836275,88.82499999999999,90.53166666666667
80028125629122.0,9816.875,30.723482142857144,32.95692857142857,31.298845415105127,33.77386129389005,87.08214285714287,89.64964285714287
80036715563133.0,14154.307692307691,27.310384615384617,29.410923076923076,27.61690256671181,29.913493952999826,88.76538461538462,91.21230769230769
80045305499165.0,7966.5,35.5,37.223749999999995,37.18333919487357,39.13686953572931,79.5125,85.5
80058190400335.0,11559.875,31.874375,34.580375,31.840248097313463,34.88081529287925,86.890625,89.34875
80058190401169.0,10308.78947368421,32.827894736842104,33.810842105263156,34.52699193673542,35.97065595296442,78.9342105263158,82.18947368421054
80079665237243.0,11759.5,33.88375,34.98425,37.43111543123382,39.488675845564515,83.73125,86.5175
80088255171325.0,11780.888888888889,31.082222222222224,33.09133333333333,31.269745500586243,33.39789151297287,83.19999999999999,87.33333333333333
80092550139419.0,8943.2,35.107,36.010000000000005,36.88242309601735,38.09922088748956,77.74499999999999,82.04599999999999
80135499812439.0,8472.75,34.94625,36.442499999999995,36.950486679024735,38.600230053189776,83.94999999999999,87.035
80152679680972.0,10527.882352941177,30.991176470588236,33.46270588235294,31.80234702613643,35.321705647690045,88.6970588235294,90.12588235294118
80161269614568.0,11845.444444444445,28.858703703703707,30.76659259259259,29.38178959842259,31.631024586362,87.84074074074073,89.67703703703704
80165564582645.0,8587.2,31.101000000000006,33.557599999999994,30.92109275261322,33.443529079159035,86.14000000000001,89.856
80169859550856.0,12091.142857142857,34.25857142857143,35.15857142857143,35.88958737470962,37.166012164556,80.14285714285714,83.36
80169859550908.0,8990.0,30.985000000000003,32.0,36.55856051144937,38.60415631377564,85.0,87.13999999999999
80182744452303.0,10779.0,32.407,33.6992,34.88251903929323,37.02505266984101,83.94,87.6
80187039419123.0,7076.083333333333,31.56916666666666,34.30016666666667,32.09223895882223,35.30555030472335,82.38333333333334,84.84833333333334
80187039419848.0,1901.0,32.5,33.31399999999999,37.67863244597338,38.97188160509222,76.0,78.0
80199924320727.0,7660.214285714285,29.12892857142857,30.573,30.07811322074005,32.25965315679786,86.14285714285714,87.93857142857142
80217104191170.0,17724.0,32.84,33.536,35.97831965126808,37.45432374251023,85.0,87.36000000000001
80247168961095.0,11123.9375,30.2959375,32.122375,31.16564630807198,33.23084246979325,89.23125,90.705
80260053863040.0,11988.736842105263,30.155526315789476,31.869473684210526,30.730025287497135,32.547025202305704,85.72894736842105,87.9621052631579
80260053864123.0,13537.0,37.315,40.446000000000005,43.0558436405849,47.85491581411177,83.0,85.0
80268643796586.0,12440.1,26.795750000000005,29.2103,27.41481552208226,30.41745411001198,89.08500000000001,90.366
80272938765097.0,11236.0,31.668200000000002,33.84312,31.633163238148057,34.05468183686664,87.18799999999999,90.1584
80272938765781.0,12548.153846153846,33.74423076923077,35.143846153846155,36.99344192821131,38.94720156231071,85.52692307692307,89.75846153846153
80277233733330.0,13882.333333333334,36.333333333333336,37.580666666666666,42.587092070982074,45.173468707474484,75.33333333333333,79.38
80298708569329.0,10215.2,34.2545,35.5542,38.131452903470944,40.167982661460755,83.285,86.148
80307298502536.0,11513.611111111111,28.985833333333332,31.583000000000002,29.633059678652597,32.53172800149719,86.49166666666666,88.26888888888888
80311593469909.0,13124.85,28.33125,30.2015,28.947655433848162,30.917990823132225,88.3425,89.75699999999999
80324478371697.0,11302.652173913044,28.797608695652176,31.175478260869568,29.742691018202983,32.75222714638761,86.9,88.31391304347827
80358838111464.0,10585.5,31.25,32.81399999999999,32.47341147880386,34.11190375436144,84.92500000000001,87.0
80384607914792.0,10294.717105263158,31.50118421052632,33.57080263157894,31.930115090872004,34.32465096952802,87.2046052631579,89.62013157894737
80388902881036.0,15542.1,28.4255,30.5548,29.412957535569085,32.29225387278538,87.9,90.02799999999999
80393197850340.0,6890.5,33.042500000000004,33.9,35.7641286594976,37.259554107857525,82.5,86.0
80397492817056.0,9337.0,31.247142857142858,32.962666666666664,32.549639197066895,35.06241811727894,89.04047619047618,91.03714285714285
80406082751482.0,11008.266666666666,32.358,34.715466666666664,33.28980271318376,36.32954408206054,87.72666666666667,89.488
80414672686343.0,11026.157894736842,32.56973684210526,33.89673684210526,34.57145594176423,36.29958758009719,84.52105263157895,87.47368421052632
80440442489835.0,9195.12,31.23615,33.7362,32.21847096240371,35.82574040894449,90.3335,91.9676
80444737457657.0,11702.8,34.339999999999996,35.646,39.245203359330965,41.20626789220547,83.17,90.428
80457622359735.0,10260.714285714286,33.79714285714285,34.553714285714285,36.02851974054706,37.056326698355406,77.82142857142856,81.46285714285715
80470507260835.0,10839.625,31.6703125,34.241,31.807389192204106,34.81582314608989,86.475,87.95625
80483392162333.0,5042.0,28.1,29.4,28.81915286776184,30.62678922649232,83.0,84.0
80483392162497.0,8684.1,29.994,31.941000000000003,30.45019431980804,32.361663472691944,85.06,88.614
80513456934408.0,10296.0,33.408125,34.81225,36.43432753743168,38.068103578206724,79.625,83.66499999999999
80530636802793.0,12951.588235294117,28.093823529411765,30.271882352941173,28.353130547350005,30.569048190832692,87.6970588235294,90.19529411764705
80534931770526.0,8711.35,31.667,33.5316,33.34137881251191,35.840366094110905,88.85,90.373
80582176410825.0,10470.357142857143,30.776785714285715,32.473285714285716,32.74470812262014,35.43432812011668,90.84642857142856,92.25857142857144
80586471378477.0,10509.857142857143,33.129285714285714,34.161142857142856,36.7635738624531,38.02686871970382,78.29285714285713,81.62285714285714
80595061311323.0,12240.235294117647,28.66735294117647,30.92982352941176,29.43395628814205,32.49575757913232,90.47941176470589,91.83176470588236
80616536149287.0,9802.0,32.457499999999996,34.057,35.466610424685754,36.79518038072993,80.57499999999999,88.0
80646600920785.0,13440.0,35.2425,36.907,41.88803886851615,44.49231216933731,79.0,81.0
80659485820828.0,12904.785714285714,28.602142857142862,31.32328571428571,28.95911417034024,32.00249319981905,88.57142857142857,90.9057142857143
80672370724045.0,9698.448275862069,31.570344827586204,33.343586206896546,33.78326743882437,36.36166995165409,89.72413793103448,91.54344827586206
80689550593627.0,8665.0,34.041111111111114,35.69533333333333,37.139275577507505,39.65960267652821,80.69999999999999,85.25333333333333
80745385166717.0,11246.27205882353,28.449485294117647,30.826544117647057,29.204976466878644,32.448236997486816,88.80147058823529,90.55279411764707
80753975102171.0,9225.6,27.439,28.8328,27.969738457035692,29.82810869194164,87.2,89.6
80822694578977.0,9690.25,30.198750000000004,32.01933333333333,30.81743602475096,32.582898957311365,87.2375,88.97166666666665
80822694579962.0,9210.5,34.75,35.504999999999995,38.523985058891625,39.502989200097204,81.0,83.5
80831284513588.0,12024.0,31.936111111111114,33.937555555555555,32.46218426580287,34.963916427878495,87.11111111111111,89.22222222222223
80835579481159.0,8922.666666666666,31.261944444444445,33.986,31.682508208558577,34.91153717749498,89.78055555555557,93.00888888888888
80861349284971.0,10413.78205128205,31.230833333333333,32.80310256410256,33.47646251168425,36.05590087086472,92.09102564102565,93.79384615384616
80865644251837.0,12490.75,32.448750000000004,34.736,33.51547684078045,36.56703806893079,89.2125,92.25
80869939218797.0,16412.0,25.442500000000003,27.134999999999998,25.64619444444445,28.678370862851544,90.92500000000001,93.0
80887119087080.0,13018.6,27.905000000000005,30.882266666666666,28.012882120273616,31.609689737017547,87.77000000000001,90.22266666666665
80942953663206.0,10620.0,28.910000000000004,30.39,29.220143431061786,30.9018567018391,84.0,85.5
80998788238767.0,7117.5,31.8,32.9,35.64685267907463,36.89778854715766,82.5,84.57
81007378173093.0,8696.0,30.60928571428571,31.884285714285706,33.216575156043305,35.136728539379014,92.35,93.85714285714286
81007378173688.0,6897.0,37.685,40.314,41.83585382675224,45.52366297984605,79.5,83.07
81028853008952.0,8175.0,29.392500000000002,31.723470588235294,30.377531719138748,33.75384272178245,90.13823529411764,92.02058823529411
81033147977483.0,14528.5,34.19,35.849999999999994,36.516875227585516,38.91421718349835,83.42500000000001,88.5
81114752355304.0,9745.974025974027,32.189383116883114,34.37980519480519,33.14152249162078,35.8936013438164,88.40941558441558,91.46701298701299
81123342289946.0,10460.378378378378,32.30986486486486,34.51859459459459,34.037871714877795,37.20810590913913,85.50945945945946,89.2345945945946
81140522158983.0,10572.34693877551,30.882346938775513,33.004448979591835,31.760899081860238,34.207124197802436,90.53061224489795,92.38857142857142
81144817126081.0,10393.538461538461,30.83153846153846,33.079076923076926,32.04643081623129,35.07594623793977,88.20384615384616,89.85769230769232
81183471833213.0,7613.0,31.85,34.0,30.86821141512617,32.68321430667406,79.0,91.0
81213536603373.0,15354.5,30.7,31.6,33.24684219954679,34.181774677082814,92.0,93.5
81226421504352.0,8205.833333333334,24.427083333333332,26.264499999999998,24.56658800888899,26.87126256444689,92.95208333333333,93.7975
81286551046645.0,11082.8,28.788999999999998,31.0166,29.561178905202418,32.86510538280383,88.1,91.212
81355270523534.0,9890.333333333334,31.865,33.98466666666666,32.28765778957265,35.45781096135473,89.61666666666667,91.71333333333332
81355270523746.0,11448.055555555555,30.34388888888889,32.251222222222225,31.17584958976375,33.166473621869955,86.54722222222222,89.08666666666666
81363860459707.0,9731.666666666666,34.313333333333325,35.675999999999995,37.18023634558733,39.00016931706106,82.61666666666667,91.33333333333333
81402515164153.0,11252.860465116279,32.720813953488374,34.69583720930232,33.89460223616768,36.42857643054089,85.68604651162791,88.85418604651163
81423990001720.0,7040.0,34.6,35.828,39.324532263797394,41.29584011747841,70.0,73.27999999999997
81441169869441.0,4665.75,28.98125,31.626,29.705753551370897,32.72949689300925,87.7125,89.5
81441169870906.0,15559.0,36.6,38.5,43.38380121698014,45.844998476388525,76.75,92.0
81454054771284.0,3785.0,29.225,31.05,29.27887662278006,31.96568408392345,88.0,90.0
81462644706033.0,7919.5,29.692500000000003,31.725,30.488752639926474,33.412494073945,92.0,93.5
81514184313665.0,10098.625,29.415,30.983999999999995,29.920042689629273,32.03579375054795,85.51875,88.875
81527069215232.0,4656.0,27.2,28.6,28.155480159312084,30.18259625754076,100.0,100.0
81531364183014.0,11721.4,31.904000000000003,33.7928,32.82930163341361,35.06602778648213,86.2,88.6
81544249084810.0,11090.1,31.574249999999996,34.1203,33.16725352435425,36.20435614973856,88.55,90.064
81570018889448.0,8708.5,32.815,33.75,33.414981374900854,34.58550122325706,73.0,80.0
81574313854658.0,9643.4,27.466999999999995,29.541599999999995,27.8841588686389,30.07654366095924,87.0,88.8
81612968561430.0,1618.0,31.185,34.041999999999994,36.04730193964693,40.96038821851796,81.0,82.0
81612968561457.0,14716.0,30.1075,31.953999999999997,30.183899143675394,32.68288493957882,87.5,90.32999999999998
81612968561708.0,10538.666666666666,32.885,34.337999999999994,34.16585902028711,36.147180302049016,81.28333333333335,84.66666666666667
81634443399094.0,9294.5,31.70375,32.80949999999999,31.893561721409405,33.13136945615139,75.0,78.79999999999998
81668803136430.0,9347.5,34.572500000000005,36.900000000000006,36.95130003423712,40.182381570805475,92.0,94.0
81681688038235.0,11691.5,30.292499999999997,32.522,30.775942274874193,33.21621174224943,87.56071428571428,91.01
81694572940267.0,11175.666666666666,31.38083333333333,33.263999999999996,32.698631133235416,34.93618774725585,82.0,84.16666666666667
81703162874789.0,12620.0,29.8,31.3,30.331437716720018,32.67253649580764,91.0,94.0
81703162875639.0,13204.8,32.82,34.276799999999994,35.076692442116396,36.93742989763259,76.6,80.0
81711752809108.0,13429.5,30.285000000000004,33.428,31.968560714206532,36.1418703833441,79.0,82.07
81711752809262.0,9598.815789473685,30.05,31.965473684210522,30.919322298418653,33.52700771689576,88.20657894736841,90.78
81741817580729.0,10749.0,30.5,31.155999999999995,32.446557001685385,33.48152334193392,86.0,89.55999999999995
81780472287216.0,17108.0,32.379999999999995,33.621,34.78457911443161,36.28925189855986,78.0,80.5
81801947121440.0,12024.735294117647,28.193676470588237,30.89741176470588,28.611691107488085,31.71847878667998,85.37352941176471,87.07000000000001
81810537057032.0,11204.75,30.103125,33.089999999999996,31.128748267699528,35.2760676068149,87.125,88.875
81810537057099.0,10094.2,27.913,29.787199999999995,28.117343807980784,30.529222788223468,91.4,92.6
81853486729954.0,12476.6,29.334000000000003,32.0356,29.846519703440073,33.4679585891088,87.8,91.0
81857781697339.0,12489.5,30.4425,32.5,31.789164309909008,34.76006857362017,91.0,92.5
81857781697419.0,11428.785714285714,29.821428571428573,31.903285714285712,30.315285899567453,32.88200327643919,90.29642857142858,93.40285714285714
81862076664439.0,9556.222222222223,28.964999999999993,31.732888888888883,29.464983325161217,32.879036492419054,86.36111111111111,89.12888888888888
81887846468419.0,10945.4,29.6495,31.8336,30.217982123909838,32.98186478473946,89.4,91.414
81905026337891.0,14303.666666666666,33.2,34.062666666666665,34.23672208702013,36.114243172505475,82.28333333333335,85.33333333333333
81917911240508.0,8485.5,36.400000000000006,37.599999999999994,37.813847582135416,39.09913159918676,78.0,81.0
81922206206873.0,16032.0,28.870000000000005,31.0,29.61263379760505,31.170127546485705,82.0,83.0
81930796141785.0,5007.0,32.3,33.7,34.17507953233851,36.08914518704966,87.0,88.0
81965155879687.0,14817.0,28.035000000000004,29.98000000000001,28.234150646752326,31.081122613781233,87.5,89.5
81999515617717.0,7374.0,26.185,28.928,26.221555555555565,29.18173459670739,95.0,99.0
82008105551224.0,10680.32,27.9498,30.04616,28.156219726087546,30.611632811269622,84.068,86.1672
82008105552710.0,11850.0,28.486666666666668,31.330666666666662,29.885715884356937,32.90249514494795,92.58333333333333,94.38
82012400519974.0,7047.333333333333,29.518333333333334,31.985333333333333,32.16610211528067,37.076066608039746,90.0,91.33333333333333
82016695486703.0,11194.333333333334,26.13,28.760666666666662,26.50545646126851,30.55217649524471,86.96666666666665,88.33333333333333
82025285422015.0,9791.833333333334,28.228333333333335,29.462666666666667,29.172393634136473,30.791833696493896,89.66666666666667,91.27999999999997
82051055224512.0,11127.48275862069,27.70862068965517,29.5511724137931,27.838674329250658,29.949579001065704,87.42241379310344,89.25586206896551
82085414964260.0,11050.107142857143,32.32517857142857,33.8025,34.17119295773792,36.68914655391046,89.03571428571429,91.02
82184199211822.0,12262.32,28.843000000000004,31.05464,29.784950079902057,32.71407011194758,90.064,91.4928
82222853918539.0,9689.25,34.317499999999995,35.59,37.07627450579247,38.6060292718718,87.5,89.5
82244328754030.0,8320.285714285714,26.785714285714285,29.502285714285712,27.00776162070623,30.066934367274513,89.85714285714286,92.75428571428571
82295868361279.0,10683.45,28.54275,30.499599999999997,29.405850914114655,32.2176492923064,88.09625,89.97299999999998
82334523066097.0,11290.70588235294,28.318823529411766,30.473058823529414,28.311312937944283,30.922934287614954,86.51176470588234,88.50117647058823
82347407968986.0,18067.0,29.285000000000004,32.1,29.526748836100055,32.615361946764644,86.0,88.0
82360292871297.0,7225.666666666667,33.165,34.45666666666666,34.60774907516856,36.96467211899948,85.0,87.0
82377472740155.0,15761.0,29.2,31.341999999999995,29.91161418434957,33.55893025015648,90.0,91.0
82394652609221.0,18040.666666666668,28.08,30.595333333333333,28.857126408271117,31.74184763580615,92.33333333333333,94.45333333333333
82459077118815.0,15492.0,30.570000000000004,32.714,31.041709862778404,34.240364852895915,90.0,91.0
82527796596014.0,8717.0,30.305,31.4,32.70778021585174,34.54854859294469,86.04999999999995,89.0
82532091561593.0,13550.9,28.358750000000004,30.2802,28.155084005441854,30.45605826334762,83.2325,86.562
82570746268868.0,11930.0,32.3,33.556999999999995,35.30963467219988,36.92656856258935,82.5,85.5
82613695940392.0,11417.152542372882,28.624152542372883,31.14145762711864,28.779125921567793,32.077766734216354,87.70932203389832,89.29830508474575
82626580843522.0,9125.0,32.4,34.028,34.77795698095785,37.861075188050044,86.0,88.0
82648055679765.0,11302.0,30.55,32.748999999999995,32.04076653180112,36.43898966770043,91.0,93.0
82656645613439.0,12307.807692307691,26.841346153846153,29.409615384615385,27.365467838670433,30.80309791912087,88.73846153846154,90.26076923076924
82678120449777.0,12243.166666666666,28.792916666666667,31.159833333333335,28.626762347879815,31.505346290108935,84.6125,86.33333333333333
82708185222876.0,3113.0,31.585000000000004,32.7,37.2977116060827,39.433000117180335,83.0,84.0
82712480189345.0,10341.8,28.605,30.168,29.210565555572156,31.700408887854472,92.2,93.99600000000001
82733955025496.0,13063.0,29.385,31.241999999999997,31.942375598836097,35.72971027246262,80.0,82.0
82738249993149.0,10354.947368421053,29.72763157894737,31.61894736842105,31.10603304416529,33.84549014686013,90.3157894736842,92.71157894736842
82742544959599.0,9545.91489361702,27.521063829787234,30.316170212765954,28.089726906182513,31.856393640430017,90.48297872340426,91.85702127659575
82832739273517.0,6171.5,30.885000000000005,33.114,31.888201909544648,35.41761995999289,86.0,87.5
82875688946163.0,7908.0,25.326666666666668,27.109333333333336,25.594883247812316,27.547295240086203,85.33333333333333,86.66666666666667
82927228552765.0,10291.714285714286,26.71357142857143,28.945142857142855,26.569285622709447,29.64371031983389,87.60714285714286,89.85714285714286
82927228553908.0,14077.5,32.4425,35.495000000000005,33.2140056015125,38.082792124398836,91.0,95.57
82931523520831.0,11198.75,28.96375,31.255166666666664,29.933908491576105,33.128604815344524,90.82083333333333,92.92833333333334
82948703390782.0,10921.0,31.6175,33.7235,33.545905696471095,37.08249997566,90.75,91.75
82970178226416.0,16618.0,35.870000000000005,38.656,34.85955932625504,40.98460824086622,98.0,100.0
82974473194701.0,12772.0,33.3,34.9,37.00070844942991,39.11821571405219,88.0,92.0
82983063129338.0,10225.0,34.885000000000005,36.35,35.746961358944276,38.62515269083387,89.92500000000001,93.0
83073257442412.0,16993.0,32.3,34.4,33.91508018283348,37.30326439804896,84.0,86.0
83103322212126.0,7050.4,27.288999999999998,29.6256,27.382329601244315,30.15328475960647,88.0,89.4
83176336656993.0,8074.0,27.985000000000003,29.828,28.167723105172584,30.40229717880805,86.85000000000002,89.0
83339545413610.0,14534.0,26.939999999999987,29.43599999999999,27.24003498617605,30.317364766139047,89.0,90.0
83361020251171.0,1188.0,29.129999999999995,30.484000000000016,32.22919327508889,34.658857919376175,89.0,91.0
83382495086930.0,10405.862068965518,27.71327586206897,29.564206896551724,27.907614007083755,30.509724674697075,89.2551724137931,91.20965517241379
83751862276150.0,8781.0,31.0,31.7,32.04387058388174,32.914638437133426,70.0,73.5
83893596196437.0,16221.0,29.4,30.517999999999997,29.34077465994445,30.33398635856444,88.0,91.0
83962315673151.0,10894.833333333334,30.995833333333334,32.523,31.78072320540271,33.47735381973434,84.33333333333333,85.83333333333333
83970905607576.0,12199.0,32.0,33.0,35.55105036595494,37.9732025645534,84.85000000000002,87.0
83975200574710.0,11742.5,29.4525,31.451,29.866732792428692,32.44437569763233,85.5,89.69999999999999
84052509985956.0,14584.0,29.3,31.414,30.30885597711156,32.69094452841377,86.0,87.0
84293028154718.0,6907.0,31.43,32.912,33.38715601042049,35.78183114442352,91.0,92.0
84473416781061.0,8442.625,29.058125000000004,31.32125,29.98158279570854,32.468053541317346,87.625,89.5175
84503481552214.0,15824.0,31.1,32.5,32.27745798400011,34.80129499469341,92.0,93.0
84512071487110.0,569.0,45.0,47.614,52.42223935076708,57.79877709298243,81.0,96.0
84516366454857.0,7520.428571428572,34.450714285714284,36.34057142857143,35.90725538333964,39.068485449430504,74.39999999999999,81.70857142857143
84537841290550.0,2903.0,30.270000000000007,33.642,31.483789846457743,35.64335974584948,80.0,83.0
84692460113227.0,15055.0,31.85,33.081,33.776813146519885,36.19949526549934,89.0,90.80000000000001
84761179590015.0,7752.9,34.133,35.7138,35.571246277244434,38.05939267849434,84.5,87.514
84769769525620.0,8192.0,34.9,36.116,38.155998473404665,40.060024941591216,78.0,83.15999999999997
84993107823716.0,10762.0,32.745000000000005,34.257,34.23115688935998,36.481185402788114,86.0,88.5
85203561222536.0,3681.5,31.3425,32.607,33.90014740814756,35.312454642570785,76.5,79.0
85431194487919.0,747.0,29.8,30.814,30.58608584421476,31.50037409202516,72.0,73.0
85676007624102.0,3211.0,31.085000000000004,32.5,33.202580855458386,34.48338807156459,84.0,85.0
86023899975397.0,2165.3333333333335,28.64,29.697333333333333,31.163832389127197,32.46180830371277,90.66666666666667,92.33333333333333
87716117090556.0,10631.0,32.475,33.4,39.91261544634176,40.68100300552344,79.0,81.0
88025354736065.0,16549.0,35.849999999999994,38.06,38.46288857933344,41.97214952777247,75.0,78.0
88257282970063.0,4625.0,37.2,38.422000000000004,45.16055434546726,48.659635447508144,80.0,83.5
88381837021587.0,12423.0,35.4,36.0,37.738812825931646,39.202803242065755,71.5,74.57
